정류소명,정류소아이디,총승차건수,총하차건수,승차건수(카드),하차건수(카드),승차건수(현금),일평균승하차건수
(구)국제여객터미널,35051,16,1301,5,1301,11,43
(구)국제여객터미널,35052,1576,12,1573,12,3,52
(주)경동세라믹스,89146,821,22,821,22,0,28
(주)경인양행앞,42096,1126,896,1126,896,0,67
(주)경인양행앞,42097,2000,4010,2000,4010,0,200
(주)대한특수금속,39050,1216,67,1216,67,0,42
(주)두남,39135,222,53,222,53,0,9
(주)세모입구(린나이코리아),37585,1298,1849,1298,1849,0,104
(주)세모입구(린나이코리아),40893,416,747,416,747,0,38
(주)스킨이데아,89388,417,2488,417,2488,0,96
(주)스킨이데아,89389,2922,33,2922,33,0,98
(주)씨피엔텍,39133,522,3514,522,3514,0,134
(주)씨피엔텍,39134,2396,455,2396,455,0,95
(주)창원,39029,3252,2981,3252,2981,0,207
(주)창원,39030,4001,3713,4001,3713,0,257
(주)하나금속,39124,16,61,16,61,0,2
17사단.다임메가타운,40895,2037,4909,2037,4909,0,231
17사단입구,40832,12,487,9,487,3,16
2001아울렛,40154,3675,6000,3675,6000,0,322
2001아울렛,40159,31708,13645,31698,13645,10,1511
2001아울렛,40162,11060,21604,11056,21604,4,1088
2001아울렛부평점,40158,4934,4747,4934,4747,0,322
2차풍림아이원,42584,23,10722,23,10722,0,358
3단지,40736,158,1530,158,1530,0,56
3단지관리사무소,40107,1608,377,1608,377,0,66
41번구종점,42174,1807,5954,1807,5954,0,258
510번차고지,36145,972,656,972,656,0,54
540번종점,39470,3097,3967,3035,3967,62,235
6공단사거리,37577,272,2558,272,2558,0,94
6공단입구,37442,724,789,724,789,0,50
6공단입구,37443,1076,1514,1076,1514,0,86
8부두,35181,212,2052,212,2052,0,75
8부두,35182,1326,3438,1325,3438,1,158
CJ인천2공장,35591,442,3339,442,3339,0,126
CJ인천2공장,35592,2414,129,2413,129,1,84
E편한세상,42453,3414,2065,3412,2065,2,182
E편한세상,42649,1510,3721,1509,3721,1,174
E편한세상,42726,3776,1703,3775,1703,1,182
GM물류센터,40568,457,1154,457,1154,0,53
GS25편의점,36142,1061,2240,1034,2240,27,110
GS내리주유소,44130,0,11,0,11,0,0
GS내리주유소,44147,3,1,1,1,2,0
GS칼텍스,35168,625,46,623,46,2,22
GS칼텍스,35557,5,2341,5,2341,0,78
GS칼텍스,89220,98,600,98,600,0,23
GS칼텍스,89224,148,1578,148,1578,0,57
GS칼텍스주유소,39814,228,18,228,18,0,8
HD현대인프라코어,36081,659,1669,659,1669,0,77
HD현대인프라코어,36083,2327,892,2320,892,7,107
HD현대인프라코어후문,36077,1,884,1,884,0,29
HD현대인프라코어후문,36078,3685,570,3685,570,0,141
JC회관,37383,3924,4077,3922,4077,2,266
JST기술연구소,89491,5,1819,4,1819,1,60
JST기술연구소,89492,576,37,574,37,2,20
KCC아파트,42391,1993,1387,1992,1387,1,112
KG스틸,42008,2858,4553,2855,4553,3,247
KTX광명역4번출구,58057,2586,24,2586,24,0,87
KT부평지사,40381,10113,6966,10077,6966,36,569
KT부평지사,40384,7251,12722,7247,12722,4,665
KT서인천지사,42932,1558,2623,1558,2623,0,139
KT서인천지사,42933,1678,932,1678,932,0,87
KT송도지점,38568,722,466,722,466,0,39
KT온수분국,43523,766,291,766,291,0,35
KT인천공항지사,35095,183,42,183,42,0,7
KT인천공항지사,35109,6605,3147,6604,3147,1,325
KT인천지사,37415,6317,4936,6306,4936,11,375
KT인천지사,39319,8190,4929,8182,4929,8,437
KT중동지사,55081,765,185,765,185,0,31
KT중동지사,55082,183,1008,183,1008,0,39
LG마그나,89029,5650,2726,5648,2726,2,279
LG마그나,89264,2969,5540,2968,5540,1,283
LG물류센터,39043,329,127,329,127,0,15
LG물류센터,39044,84,553,84,553,0,21
LG전자(주),42297,4971,4408,4971,4408,0,312
LH1단지,35494,8724,4018,8724,4018,0,424
LH1단지,35495,4705,6325,4705,6325,0,367
LH49단지행복주택아파트,35768,795,1450,795,1450,0,74
LH49단지행복주택아파트,35769,2049,910,2049,910,0,98
LH7단지,35451,3525,2163,3524,2163,1,189
LH7단지,35452,2367,3755,2367,3755,0,204
LH미추홀3단지,37222,3127,6370,3098,6370,29,316
LH미추홀3단지,37635,6781,2848,6765,2848,16,320
LH웨스턴블루힐정문,89184,1608,3654,1608,3654,0,175
LH웨스턴블루힐정문,89185,4268,3429,4267,3429,1,256
NKG물류센터,89212,341,238,341,238,0,19
SK.GS주유소,89230,1500,1567,1500,1567,0,102
SK.GS주유소,89231,1771,2210,1771,2210,0,132
SKLPG충전사업소,35636,858,27,850,27,8,29
SKLPG충전사업소,35638,9,778,2,778,7,26
SK뷰아파트,42888,1297,4695,1297,4695,0,199
SK뷰아파트,42889,6795,1062,6795,1062,0,261
SK스카이뷰,37601,278,27640,278,27640,0,930
SK스카이뷰104동,37587,6690,57,6690,57,0,224
SK스카이뷰109동,37607,7476,61,7476,61,0,251
SK인천석유화학,42767,2248,2046,2248,2046,0,143
SK인천석유화학,42768,1380,1250,1380,1250,0,87
SK주유소,42956,605,595,605,595,0,40
SK주유소앞,35287,1692,127,1682,127,10,60
SK주유소앞,35539,90,1507,90,1507,0,53
SK충전소,35085,29,2254,27,2254,2,76
e편한세상 정문,38624,20464,1615,20450,1615,14,735
e편한세상(109동 앞),32062,850,1308,850,1308,0,71
e편한세상(109동앞),38643,964,610,964,610,0,52
e편한세상1차(정문),35662,591,1000,591,1000,0,53
e편한세상1차(정문),35663,1555,582,1555,582,0,71
e편한세상계양,41037,13412,3681,13401,3681,11,569
e편한세상계양,41038,5532,13438,5522,13438,10,632
e편한세상부평그랑힐스정문,40928,4787,565,4787,565,0,178
e편한세상부평그랑힐스정문,40929,499,6074,499,6074,0,219
e편한세상부평그랑힐스후문,40930,5748,350,5748,350,0,203
e편한세상영종센텀베뉴정문,35510,1209,4564,1209,4564,0,192
e편한세상영종오션하임,35674,1655,625,1655,625,0,76
e편한세상영종오션하임,35761,713,1470,713,1470,0,72
e편한세상영종하늘도시,35646,582,602,582,602,0,39
e편한세상영종하늘도시,35647,247,392,247,392,0,21
gym80fitness,37081,2621,806,2609,806,12,114
가경공원,89365,1068,666,1068,666,0,57
가구단지사거리,37455,2801,3454,2800,3454,1,208
가구단지사거리,37456,2949,2063,2949,2063,0,167
가구전시장,42072,378,651,378,651,0,34
가구전시장,42074,844,480,844,480,0,44
가나안마을앞,43904,9,10,9,10,0,0
가나안마을앞,43905,28,0,28,0,0,0
가능포,43969,0,7,0,7,0,0
가능포,43970,0,26,0,26,0,0
가림고등학교,42078,13870,13183,13834,13183,36,901
가야,42807,1236,9,1236,9,0,41
가야,42808,14,1493,14,1493,0,50
가오대입구,80033,145,432,142,432,3,19
가오대입구,80034,74,680,74,680,0,25
가원초등학교,42952,6493,4534,6491,4534,2,367
가원초등학교,89118,2764,5825,2762,5825,2,286
가재우물터,35678,13,6,13,6,0,0
가재우물터,35700,4,14,4,14,0,0
가재울사거리,42039,2441,5834,2438,5834,3,275
가재울사거리,42042,8648,4951,8640,4951,8,453
가재울역,42034,2541,3182,2522,3182,19,190
가재울역,42035,4024,2023,3980,2023,44,201
가정(루원시티)역,89050,7114,55568,7114,55568,0,2089
가정(루원시티)역,89051,75870,9677,75870,9677,0,2851
가정(루원시티)역,89075,76447,88342,76413,88342,34,5492
가정(루원시티)역,89078,81528,72366,81513,72366,15,5129
가정3동성당,42226,389,3111,387,3111,2,116
가정LH3단지정문앞,89041,18646,4274,18638,4274,8,764
가정고등학교,42200,11722,4558,11670,4558,52,542
가정고등학교,42203,3226,7582,3220,7582,6,360
가정교,89502,119,1309,119,1309,0,47
가정교,89503,2066,319,2066,319,0,79
가정교차로,89390,554,843,554,843,0,46
가정교차로,89391,340,2601,340,2601,0,98
가정동성당,89102,3633,4102,3631,4102,2,257
가정동성당,89105,2556,1657,2555,1657,1,140
가정보금자리,89119,1691,653,1691,653,0,78
가정보금자리,89120,148,1587,148,1587,0,57
가정여자중학교,42041,912,8179,900,8179,12,303
가정여중입구,89303,914,857,898,857,16,59
가정중앙시장역,42215,1209,1689,1209,1689,0,96
가정중앙시장역,42219,1228,1395,1228,1395,0,87
가정택지삼거리,89385,348,120,348,120,0,15
가정택지삼거리,89386,194,518,194,518,0,23
가정휴먼시아3단지,89186,847,1548,847,1548,0,79
가정휴먼시아3단지,89187,1422,991,1422,991,0,80
가좌2동행정복지센터,42073,6174,377,6152,377,22,218
가좌2동행정복지센터,42076,177,5248,163,5248,14,180
가좌3동행정복지센터,42075,12407,12968,12382,12968,25,845
가좌4동행정복지센터,42062,4443,6695,4433,6695,10,371
가좌고등학교,42060,14257,12076,14204,12076,53,877
가좌고등학교,42061,5798,7951,5783,7951,15,458
가좌공단,42526,24,9566,24,9566,0,319
가좌공단,42945,7335,232,7333,232,2,252
가좌교회,42055,3389,7375,3388,7375,1,358
가좌교회,42057,3574,3583,3574,3583,0,238
가좌녹지공원,42029,1829,4266,1824,4266,5,203
가좌녹지공원,42030,2120,1544,2119,1544,1,122
가좌농협,42066,8545,6877,8522,6877,23,514
가좌농협,42067,5979,5812,5966,5812,13,393
가좌동차고,42939,2188,302,2151,302,37,83
가좌동차고지,42522,93,956,71,956,22,34
가좌두산위브104동앞,42090,4527,3409,4527,3409,0,264
가좌사거리,42043,30,240,25,240,5,9
가좌사거리,42044,526,4822,520,4822,6,178
가좌진주아파트,42100,14089,29334,14069,29334,20,1447
가좌체육공원,42058,6935,1011,6899,1011,36,264
가좌초등학교,42069,3668,4303,3668,4303,0,265
가좌초등학교,42070,4872,2450,4872,2450,0,244
가좌테니스장,37454,2088,1066,2088,1066,0,105
가좌테니스장,37457,798,1219,798,1219,0,67
가좌현대아파트,42130,8329,2021,8324,2021,5,345
가좌현대아파트,42133,711,8989,711,8989,0,323
가좌홈플러스(쌍마아파트),42101,10603,7117,10581,7117,22,590
가좌홈플러스(쌍마아파트),42103,7542,11798,7517,11798,25,644
가좌환경사업소,42631,7268,4334,7267,4334,1,386
가좌환경사업소 북측,89341,169,321,169,321,0,16
가좌환경사업소북측,89342,16,254,16,254,0,9
가천대학교,38270,1260,1197,1260,1197,0,81
가천대학교,38284,7688,3019,7688,3019,0,356
가천대학교(노인복지회관),38269,741,1211,741,1211,0,65
가천의대,43237,3,19,3,19,0,0
가천의대,43897,10,0,9,0,1,0
가톨릭대,43156,4,1,4,1,0,0
가톨릭대,43325,0,59,0,59,0,1
가현오일뱅크,42734,71,17,71,17,0,2
가현중학교,42722,3037,2787,3035,2787,2,194
가현초교앞(루에블리아파트),89242,2089,3470,2089,3470,0,185
가현초교앞(센트럴타운아파트),89243,4754,1285,4754,1285,0,201
각곡,43602,7,123,6,123,1,4
각곡,43772,200,12,192,12,8,7
간석4거리,39538,210,268,204,268,6,15
간석4동새마을금고,39343,3401,6032,3400,6032,1,314
간석4동새마을금고,39346,2835,2559,2834,2559,1,179
간석4동행정복지센터,39403,3636,7367,3636,7367,0,366
간석4동행정복지센터,39412,4737,2473,4737,2473,0,240
간석금호어울림아파트,39334,25204,13777,25176,13777,28,1299
간석남부역,37429,4040,912,4040,912,0,165
간석남부역,37435,10253,7124,10196,7124,57,579
간석남부역,37529,1689,3589,1689,3589,0,175
간석동용광경로당,39394,886,512,879,512,7,46
간석래미안.자이,39333,16360,17243,16351,17243,9,1120
간석북부역,39806,4251,80,4251,80,0,144
간석북부역,39807,39,2626,39,2626,0,88
간석북부역·우성1차,39368,12886,4862,12886,4862,0,591
간석북부역·우성1차,39370,5518,10132,5518,10132,0,521
간석사거리,39413,13456,9693,13446,9693,10,771
간석사거리,39414,4924,9490,4923,9490,1,480
간석사거리,39430,2693,2482,2678,2482,15,172
간석사거리(상인천중학교),39422,13084,28643,13019,28643,65,1390
간석사거리(상인천중학교),39426,31371,19905,31307,19905,64,1709
간석시장,39434,12901,29590,12813,29590,88,1416
간석시장,39436,55400,31669,55270,31669,130,2902
간석시장,39437,15908,22064,15908,22064,0,1265
간석오거리,39460,15792,13524,15789,13524,3,977
간석오거리,39597,4468,3457,4447,3457,21,264
간석오거리(교원공제조합),39444,36009,29196,35963,29196,46,2173
간석오거리(인천웨딩홀),39406,7740,11967,7739,11967,1,656
간석오거리(인천웨딩홀),39423,33228,20311,33212,20311,16,1784
간석오거리역(7번출구),39447,16508,34026,16504,34026,4,1684
간석오거리역(8번출구),39449,61355,72611,61314,72611,41,4465
간석지구대,39535,680,594,679,594,1,42
간석지구대,39536,458,668,449,668,9,37
간석풍림아파트,92053,735,557,733,557,2,43
간석한신더휴아파트맞은편,37447,2402,496,2402,496,0,96
간재울초등학교,42347,5711,3456,5711,3456,0,305
간촌,43504,16,28,16,28,0,1
간촌,43518,45,24,44,24,1,2
갈산대동아파트,40550,316,726,316,726,0,34
갈산동아아파트,40567,1811,1779,1811,1779,0,119
갈산동입구,40622,46,3714,46,3714,0,125
갈산동천주교회,40652,834,5106,834,5106,0,198
갈산동천주교회맞은편,40650,6360,5132,6360,5132,0,383
갈산두산아파트,40544,4439,5603,4439,5603,0,334
갈산사거리,40631,2469,4720,2469,4720,0,239
갈산사거리,40634,3334,4726,3334,4726,0,268
갈산새마을금고,40635,8313,2165,8313,2165,0,349
갈산시장,40628,6134,6117,6132,6117,2,408
갈산시장.갈산도서관,40629,2153,5405,2153,5405,0,251
갈산역,40601,35531,11909,35529,11909,2,1581
갈산역,40602,9909,43114,9891,43114,18,1767
갈산역(1번출구),40604,22380,6870,22362,6870,18,975
갈산역(부평4공단)4번출구,40606,6169,16930,6165,16930,4,769
갈산주공1단지,40578,3015,2376,3015,2376,0,179
갈산주공1단지105동,40813,4096,2566,4096,2566,0,222
갈산주공2단지,40562,549,1305,549,1305,0,61
갈산주공2단지,40577,3985,7038,3981,7038,4,367
갈산태화아파트,40542,636,1092,636,1092,0,57
갈산태화아파트,40664,4193,750,4193,750,0,164
갈산태화아파트,40666,217,1500,217,1500,0,57
갈산태화아파트,40667,519,2750,519,2750,0,108
갈월초등학교,40531,143,1163,143,1163,0,43
갈현경로당,41491,26,342,26,342,0,12
갈현경로당앞,41607,239,39,239,39,0,9
갈현교,41608,14,3,14,3,0,0
갈현교,41609,0,35,0,35,0,1
갈현교입구,41492,202,30,202,30,0,7
갈현교입구,41617,22,160,22,160,0,6
갈현동마을,41351,805,687,805,687,0,49
갈현동마을,41352,248,1298,248,1298,0,51
갑곶돈대.강화전쟁박물관,43365,11,13,11,13,0,0
갑곶돈대.강화전쟁박물관,43728,6,24,6,24,0,1
갑곶돈대입구,43367,2,17,2,17,0,0
갑곶돈대입구,43726,20,8,20,8,0,0
갑륭초교,43374,4,2,4,2,0,0
갑륭초교,43724,6,162,6,162,0,5
갑문,35125,29,423,29,423,0,15
갑문,35504,214,17,214,17,0,7
강남시장,42172,19185,13150,19150,13150,35,1077
강남시장,42173,12075,11594,12060,11594,15,788
강남역도시에빛,31076,5148,6351,5148,6351,0,383
강남역서초현대타워앞,31016,42225,26420,42225,26420,0,2288
강남중교,43213,214,27,214,27,0,8
강남중교,43278,64,248,63,248,1,10
강서중학교,43660,16,129,16,129,0,4
강서중학교,43898,161,7,155,7,6,5
강인여객,40020,1016,1440,1016,1440,0,81
강인여객,40022,1168,870,1168,870,0,67
강화갯벌장어,43671,0,5,0,5,0,0
강화경찰서,43209,222,35,214,35,8,8
강화경찰서,43624,6,228,6,228,0,7
강화고등학교,43564,7,24,7,24,0,1
강화고등학교,43761,79,82,79,82,0,5
강화군 행복센터,43055,160,2162,159,2162,1,77
강화군 행복센터,43056,21,247,20,247,1,8
강화군노인문화센터,90373,2,29,2,29,0,1
강화군노인문화센터,90374,46,3,46,3,0,1
강화군청,43065,3873,876,3785,876,88,158
강화군청,43108,814,2851,807,2851,7,122
강화루지.강남상회,43150,172,80,171,80,1,8
강화루지.강남상회,43250,97,181,97,181,0,9
강화마니산,43001,38,79,38,79,0,3
강화마니산,43002,493,211,483,211,10,23
강화문화원.종합전시관,43097,1,52,1,52,0,1
강화문화원.종합전시관,43098,65,653,65,653,0,23
강화병원,43088,51,1751,51,1751,0,60
강화병원,43089,1026,57,1025,57,1,36
강화산단,90123,0,19,0,19,0,0
강화산단입구,90096,6,11,6,11,0,0
강화산단입구,90097,12,0,12,0,0,0
강화산성서문,43080,6,151,6,151,0,5
강화산성서문,43081,31,137,30,137,1,5
강화서문,43063,760,501,754,501,6,42
강화서문,43064,451,575,444,575,7,34
강화소방서,43364,21,304,20,304,1,10
강화소방서,43587,213,55,212,55,1,8
강화수양관앞,43467,74,30,72,30,2,3
강화수양관앞,43732,9,35,9,35,0,1
강화슈퍼,43066,541,1397,535,1397,6,64
강화슈퍼,43068,1830,544,1760,544,70,79
강화실버케어스앞,43975,24,148,23,148,1,5
강화실버케어스앞,43976,37,95,34,95,3,4
강화여자중학교,90334,0,18,0,18,0,0
강화역사박물관(고인돌),43601,426,86,420,86,6,17
강화역사박물관(고인돌),43670,30,575,30,575,0,20
강화장례식장,43918,1514,80,1498,80,16,53
강화장례식장,43946,52,2019,46,2019,6,69
강화중학교,43207,25,28,25,28,0,1
강화중학교,43623,9,48,8,48,1,1
강화터미널,43058,0,4,0,4,0,0
강화터미널,43096,57816,36836,56931,36836,885,3155
개항동 어울터,35197,8760,1859,8760,1859,0,353
개항동 어울터,35198,2022,8514,2022,8514,0,351
개화2치안센터,25023,31,1800,31,1800,0,61
개화2치안센터,25024,2146,49,2146,49,0,73
개화역1번출구.개화검문소,25030,158,7099,158,7099,0,241
개화역1번출구.개화검문소,25031,2571,247,2571,247,0,93
개화역광역환승센터,25182,1389,2329,1389,2329,0,123
갤러리84입구,35666,80,5,79,5,1,2
갤러리84입구,35667,17,75,17,75,0,3
갯벌슈퍼,43410,1,14,1,14,0,0
갯벌슈퍼,43513,8,5,8,5,0,0
거북시장,42132,12770,10985,12709,10985,61,791
거북시장,42136,11571,10657,11549,10657,22,740
거산정공.(주)록키,39137,1335,2004,1333,2004,2,111
거잠포선착장,35302,100,346,99,346,1,14
거잠포선착장,35303,288,92,288,92,0,12
거잠포회센터,35588,82,59,82,59,0,4
건설기술교육원,39353,6669,11907,6669,11907,0,619
건설기술교육원,39354,5584,4634,5584,4634,0,340
건영아파트,38069,15883,40499,15874,40499,9,1879
건일아파트,43015,501,313,494,313,7,27
건일아파트,43094,286,397,286,397,0,22
건지사거리,42882,88,0,88,0,0,2
건지사거리,42883,0,255,0,255,0,8
건평,43168,210,62,208,62,2,9
건평,43186,4,59,4,59,0,2
건평리,43187,43,3,43,3,0,1
건평리,43651,2,45,2,45,0,1
건평마을회관,43594,30,58,29,58,1,2
건평입구,43170,2,11,2,11,0,0
건평입구,43331,11,26,11,26,0,1
걸포북변역,35560,41,4854,41,4854,0,163
걸포북변역,35610,1670,67,1670,67,0,57
걸포사거리.우리병원,35561,183,54,183,54,0,7
검단1차피오레·금호어울림아파트,89457,418,216,418,216,0,21
검단1차피오레·금호어울림아파트,89458,52,642,52,642,0,23
검단LH행복주택,89408,12209,3692,12209,3692,0,530
검단공구상가,89053,49,751,49,751,0,26
검단공구상가,89065,567,232,567,232,0,26
검단노인복지관,42695,164,572,159,572,5,24
검단농기구센터,89316,132,1,132,1,0,4
검단농기구센터,89324,3,160,3,160,0,5
검단농협,42432,26589,8993,26559,8993,30,1186
검단농협,42434,5615,14869,5591,14869,24,682
검단대성베르힐,89467,2255,709,2255,709,0,98
검단동행정복지센터(검단고교),42441,3701,8553,3685,8553,16,408
검단동행정복지센터(검단고교),42445,4781,4718,4780,4718,1,316
검단디에트르리버파크,89476,1040,4446,1040,4446,0,182
검단디에트르리버파크,89477,3549,884,3549,884,0,147
검단로제비앙라포레,89483,2659,9,2659,9,0,88
검단로지스틱스파크,41339,1380,370,1364,370,16,58
검단로지스틱스파크,42395,326,3211,326,3211,0,117
검단메가박스,42383,2025,1810,2022,1810,3,127
검단메가박스,42384,491,1074,491,1074,0,52
검단모아미래도엘리트,89466,1484,4568,1484,4568,0,201
검단모아엘가그랑데아파트,42483,8204,1543,8204,1543,0,324
검단사거리역,42419,15458,14843,15447,14843,11,1010
검단사거리역,42426,1994,9187,1991,9187,3,372
검단사거리역,42427,7920,2937,7897,2937,23,361
검단사거리역,42537,11457,13690,11438,13690,19,838
검단소방서,42428,1191,4794,1189,4794,2,199
검단소방서,42431,321,2349,321,2349,0,89
검단신도시우미린리버포레,89409,5424,11302,5424,11302,0,557
검단신안인스빌어반퍼스트,89511,2365,38,2365,38,0,80
검단신안인스빌어반퍼스트,89512,108,1446,108,1446,0,51
검단예미지트리플에듀아파트,89484,30,1058,30,1058,0,36
검단오류공단,42702,7,616,7,616,0,20
검단오류공단,42703,198,7,198,7,0,6
검단오류역,89057,6364,730,6360,730,4,236
검단오류역,89060,652,6124,647,6124,5,225
검단오류역우방아이유쉘,89067,588,1031,588,1031,0,53
검단오류역우방아이유쉘,89068,1159,421,1139,421,20,52
검단오류풍림아이원,89251,112,327,112,327,0,14
검단오류풍림아이원,89252,394,191,394,191,0,19
검단우미린파크뷰1단지,89499,1157,64,1157,64,0,40
검단우미린파크뷰1단지,89500,54,194,54,194,0,8
검단우미린파크뷰2단지,89469,5141,1645,5141,1645,0,226
검단우미린파크뷰2단지,89501,1917,3276,1917,3276,0,173
검단우방아이유쉘아파트,42688,261,412,257,412,4,22
검단원흥아파트,42400,1675,1048,1674,1048,1,90
검단원흥아파트,42401,1112,2377,1109,2377,3,116
검단지식산업센타,89054,7244,170,7239,170,5,247
검단지식산업센타,89063,187,4993,187,4993,0,172
검단초등학교,42475,8359,3915,8346,3915,13,409
검단초등학교,42482,3580,5916,3577,5916,3,316
검단초등학교,89332,102,116,102,116,0,7
검단초등학교,89333,92,160,86,160,6,8
검단출장소,42423,14419,11090,14419,11090,0,850
검단출장소,42424,4406,9474,4405,9474,1,462
검단탑종합병원,42877,472,569,472,569,0,34
검단하나아파트,42421,1822,513,1818,513,4,77
검단하나아파트,42422,362,368,359,368,3,24
검단힐스테이트5차아파트,42557,4,115,4,115,0,3
검단힐스테이트5차아파트,42558,135,571,135,571,0,23
검문소,43662,0,8,0,8,0,0
검문소,43812,8,73,8,73,0,2
검문소,90042,0,4,0,4,0,0
검문소,90043,122,239,116,239,6,12
검바위역,42348,5059,894,5049,894,10,198
검바위역,42349,1189,5460,1187,5460,2,221
검암경서동행정복지센터,42352,1649,5673,1649,5673,0,244
검암경서동행정복지센터,42353,6279,1532,6279,1532,0,260
검암사거리,42356,2560,3939,2558,3939,2,216
검암사거리,42357,5425,2284,5423,2284,2,256
검암사거리,42358,6271,2035,6271,2035,0,276
검암역(시내방면),42364,9599,418,9586,418,13,333
검암역(원당방면),42363,4105,26187,4101,26187,4,1009
검암역.서해그랑블아파트,42360,5220,5750,5220,5750,0,365
검암역로열파크씨티푸르지오1단지,89167,11882,111,11826,111,56,399
검암역로열파크씨티푸르지오1단지,89168,28,10012,25,10012,3,334
검암역로열파크씨티푸르지오2단지,89169,589,48,588,48,1,21
검암역로열파크씨티푸르지오2단지,89170,47,5385,47,5385,0,181
검암역입구,42851,22946,8470,22940,8470,6,1047
검암역입구,42852,11155,15317,11151,15317,4,882
검암역입구(시천교밑),89250,11621,2978,11621,2978,0,486
검암중학교,42359,3621,1690,3620,1690,1,177
검암중학교,42362,2180,2828,2180,2828,0,166
검암초등학교,42361,384,5461,384,5461,0,194
겐트대학교글로벌캠퍼스,38769,57,0,57,0,0,1
겐트대학교글로벌캠퍼스,38770,51,811,51,811,0,28
경기국제통상고.포도마을뉴서울.중앙공원,55042,585,1768,585,1768,0,78
경기국제통상고.포도마을뉴서울.중앙공원,55043,1314,981,1314,981,0,76
경기도교육청학생교육원,43162,0,74,0,74,0,2
경기도교육청학생교육원,43222,202,18,200,18,2,7
경기주유소,43051,118,458,118,458,0,19
경남1차,40343,8147,339,8075,339,72,282
경남1차아파트,40376,13303,7454,13296,7454,7,691
경남2차,40305,8152,64,8104,64,48,273
경남아너스빌,42099,2854,1517,2853,1517,1,145
경남아너스빌,42102,1344,2405,1340,2405,4,124
경남아너스빌아파트,42110,5389,2995,5389,2995,0,279
경남아너스빌아파트,42111,1718,2926,1716,2926,2,154
경남아파트,35143,7254,2650,7236,2650,18,330
경남아파트,35147,1774,3143,1763,3143,11,163
경남아파트,38281,8028,7336,8026,7336,2,512
경남아파트,41011,15212,3838,15171,3838,41,635
경남아파트,41014,3957,7862,3953,7862,4,393
경남아파트,42332,7039,3706,7039,3706,0,358
경남아파트,42334,3351,6921,3351,6921,0,342
경남아파트308동앞,40334,44,5877,44,5877,0,197
경남아파트311동앞,40300,18,4691,16,4691,2,156
경남아파트313동앞,40287,48,8480,33,8480,15,284
경동택배,89315,80,4,77,4,3,2
경동택배,89325,1,51,1,51,0,1
경명초등학교,89216,1544,601,1544,601,0,71
경명초등학교,89277,5129,7989,5129,7989,0,437
경명초등학교,89278,4154,6329,4154,6329,0,349
경방신약,39136,4656,1367,4656,1367,0,200
경방신약,39138,2784,8798,2784,8798,0,386
경복예식장,39399,10355,5358,10329,5358,26,523
경서농원,42333,176,563,175,563,1,24
경서농원,42335,66,1119,66,1119,0,39
경서지구입구,42303,1060,5895,1060,5895,0,231
경서지구입구,42671,2514,2686,2514,2686,0,173
경서지구입구,42672,3922,3100,3921,3100,1,234
경서초등학교,42569,4352,2803,4352,2803,0,238
경서초등학교,42570,2950,2796,2950,2796,0,191
경신마을,39646,164,156,164,156,0,10
경신마을,39982,92,431,92,431,0,17
경신아파트,41216,1704,1033,1704,1033,0,91
경신아파트,41223,1690,3297,1690,3297,0,166
경연초중학교,89271,7128,4426,7128,4426,0,385
경연초중학교,89272,3192,5816,3192,5816,0,300
경연초중학교·청라센텀로제비앙,89286,3097,1449,3096,1449,1,151
경연초중학교·호반베르디움6차,89285,2368,2221,2368,2221,0,152
경인계량소,42549,875,6,875,6,0,29
경인계량소,42550,0,658,0,658,0,21
경인교대.부평향교,41138,1006,1120,1006,1120,0,70
경인교대.부평향교,41139,975,924,975,924,0,63
경인교대역입구,41428,7844,6773,7844,6773,0,487
경인교대역입구,41429,7289,8167,7289,8167,0,515
경인교회앞,40077,830,3275,830,3275,0,136
경인방송,37003,179,142,179,142,0,10
경인방송,37004,34,395,34,395,0,14
경인산업,39688,766,1690,766,1690,0,81
경인아라뱃길여객터미널,42869,194,11,194,11,0,6
경인여대,41277,9513,16316,9513,16316,0,860
경인여대,41278,5642,7063,5642,7063,0,423
경인특장,42547,270,1,270,1,0,9
경인항다목적부두,89151,117,0,117,0,0,3
경인항다목적부두,89152,2,170,2,170,0,5
경전말,43934,48,0,47,0,1,1
경제자유구역청,38514,2289,2295,2289,2295,0,152
경제자유구역청,38515,2484,3945,2480,3945,4,214
경진브로아,39042,964,1091,964,1091,0,68
경흥빌라,43372,592,7,579,7,13,19
경흥빌라,43616,7,291,6,291,1,9
경희유치원앞,39991,192,565,192,565,0,25
경희유치원앞,39992,152,85,152,85,0,7
계량소,40195,2065,286,2051,286,14,78
계룡리슈빌,55225,4644,1082,4644,1082,0,190
계산공고,41167,3234,4148,3227,4148,7,246
계산공고,41170,5198,8066,5197,8066,1,442
계산공고앞,41169,2546,1878,2545,1878,1,147
계산국민체육센터,41276,1645,2678,1637,2678,8,144
계산국민체육센터,41613,2051,2135,2046,2135,5,139
계산동수협,41533,3766,4252,3766,4252,0,267
계산동아아파트,41231,229,4,229,4,0,7
계산동우체국,41427,8116,4024,8116,4024,0,404
계산삼거리,41196,400,255,400,255,0,21
계산삼거리(신도브래뉴),41199,10403,9792,10403,9792,0,673
계산삼거리(신도브래뉴),41201,4572,8131,4572,8131,0,423
계산시장,41176,3660,4315,3660,4315,0,265
계산여고,41576,794,1696,792,1696,2,83
계산여자고등학교,41221,9,321,9,321,0,11
계산여자고등학교,41224,798,1297,798,1297,0,69
계산역,41247,6582,4679,6570,4679,12,375
계산역,41371,15575,5135,15575,5135,0,690
계산역,41426,31430,21835,31430,21835,0,1775
계산역,41431,23535,31679,23535,31679,0,1840
계산우체국,41430,10931,12626,10931,12626,0,785
계산주공아파트,41423,12657,13809,12648,13809,9,882
계산중학교,41577,175,20,175,20,0,6
계양1동주민자치센터,41476,7149,1846,7149,1846,0,299
계양1동주민자치센터,41520,800,7918,799,7918,1,290
계양3동행정복지센터,41525,776,1191,776,1191,0,65
계양3동행정복지센터,41526,1013,675,1013,675,0,56
계양CGV,41140,3894,3652,3894,3652,0,251
계양경찰서,41184,9878,8419,9878,8419,0,609
계양경찰서,41185,6500,9171,6500,9171,0,522
계양경찰서,41195,19536,4745,19491,4745,45,809
계양경찰서·계양구청,41194,4245,15840,4227,15840,18,669
계양구의회,41123,5216,4989,5216,4989,0,340
계양구의회,41124,5215,5358,5215,5358,0,352
계양구청,41177,4345,4072,4345,4072,0,280
계양구청,41180,7136,9472,7135,9472,1,553
계양구청,41188,3528,1711,3526,1711,2,174
계양구청,41197,9,2544,9,2544,0,85
계양구청앞,41204,8231,4240,8194,4240,37,415
계양도서관,41251,4775,9032,4770,9032,5,460
계양문화회관,41248,1663,1098,1663,1098,0,92
계양문화회관,41255,2412,4471,2412,4471,0,229
계양산성박물관,41285,1339,1713,1339,1713,0,101
계양산성박물관,41286,851,1828,851,1828,0,89
계양산장미원 입구(계산동자연풀장),41186,1046,1163,1046,1163,0,73
계양산장미원 입구(계산동자연풀장),41189,728,1193,728,1193,0,64
계양산전통시장,41297,749,4777,748,4777,1,184
계양산전통시장,41298,4660,1539,4650,1539,10,206
계양산전통시장,41306,17735,16987,17729,16987,6,1157
계양산지구대,41281,835,1464,835,1464,0,76
계양산지구대,41282,1133,1465,1133,1465,0,86
계양새마을금고,41094,1458,1627,1454,1627,4,102
계양새마을금고,41097,1918,2304,1908,2304,10,140
계양세무서,41054,1511,1103,1507,1103,4,87
계양세무서,41058,926,1461,926,1461,0,79
계양센트레빌1단지,41550,4441,4665,4441,4665,0,303
계양센트레빌1단지,41627,1129,494,1129,494,0,54
계양센트레빌1단지,41628,172,800,172,800,0,32
계양센트레빌1단지(111동앞),41551,6053,4692,6053,4692,0,358
계양센트레빌2단지,41625,373,880,373,880,0,41
계양여성회관,41404,3708,4173,3708,4173,0,262
계양역,41357,193148,74796,193123,74796,25,8931
계양역,41358,63232,149637,63208,149637,24,7095
계양역(귤현역방면),41659,7292,320,7292,320,0,253
계양임광그대가아파트,41118,3893,245,3858,245,35,137
계양종합사회복지관,41120,494,1114,494,1114,0,53
계양종합사회복지관,41121,1230,580,1230,580,0,60
계양중학교,41340,2634,863,2633,863,1,116
계양중학교,41341,1997,6874,1997,6874,0,295
계양체육관(벨로드롬경기장),41666,386,1336,386,1336,0,57
계양체육관(아시아드양궁장),41454,547,689,547,689,0,41
계양체육관(아시아드양궁장),41455,2040,895,2038,895,2,97
계양체육관(아시아드양궁장),41567,3391,912,3391,912,0,143
계양체육관(아시아드양궁장),41568,988,5452,988,5452,0,214
계양체육관(효성해링턴플레이스),41440,3883,1221,3883,1221,0,170
계양체육관.대동아파트,41173,108,1833,108,1833,0,64
계양효성해링턴플레이스,41669,70,1712,70,1712,0,59
고구1리입구,90006,70,9,69,9,1,2
고구1리입구,90007,4,60,4,60,0,2
고구2리마을회관입구,90014,8,86,8,86,0,3
고구2리마을회관입구,90015,96,4,93,4,3,3
고구저수지,90008,11,22,11,22,0,1
고구저수지,90009,14,9,14,9,0,0
고구촌,90012,4,41,2,41,2,1
고구촌,90013,39,3,39,3,0,1
고능2리 종점,90372,19,14,16,14,3,1
고능2리능촌마을회관,90371,0,5,0,5,0,0
고능리공소,90208,87,89,87,89,0,5
고능리입구,43291,2,64,2,64,0,2
고능리입구,43534,62,1,62,1,0,2
고다니마을9단지,80362,113,96,113,96,0,6
고려산업,39486,603,1216,603,1216,0,60
고려양행,39111,1307,1466,1307,1466,0,92
고려저수지입구,43249,44,102,43,102,1,4
고려저수지입구,43486,75,27,72,27,3,3
고비고개정상,43569,21,10,21,10,0,1
고비고개정상,43844,7,180,7,180,0,6
고산마을입구,90016,12,32,11,32,1,1
고산마을입구,90017,39,9,39,9,0,1
고산촌,43544,226,72,226,72,0,9
고산촌,43779,112,169,106,169,6,9
고상골,43269,3,75,3,75,0,2
고상골,43382,76,6,76,6,0,2
고상골입구,43266,144,12,143,12,1,5
고상골입구,43552,15,123,14,123,1,4
고속터미널,31017,12216,317,12216,317,0,417
고속터미널,31018,636,19786,636,19786,0,680
고시기(가재골),43770,6,3,6,3,0,0
고시기(가재골),90126,0,8,0,8,0,0
고염나무골,35473,38,219,38,219,0,8
고염나무골,35474,255,28,255,28,0,9
고인돌입구,43550,1,19,1,19,0,0
고인돌체육관앞,90045,149,567,149,567,0,23
고인돌체육관앞,90046,636,205,631,205,5,28
고잔고등학교,39691,385,2689,385,2689,0,102
고잔마을,43284,55,0,54,0,1,1
고잔마을,43532,0,38,0,38,0,1
고창마을.KCC,80328,425,175,425,175,0,20
고창촌,43076,56,113,56,113,0,5
고창촌입구,43166,6,1,6,1,0,0
고창촌입구,43345,1,13,1,13,0,0
고천3리마을회관,43341,107,11,106,11,1,3
고천3리마을회관,43574,5,75,4,75,1,2
고천5리마을회관,90341,9,0,9,0,0,0
고천5리마을회관,90345,0,6,0,6,0,0
고천교,43339,39,72,39,72,0,3
고천교,43849,123,10,122,10,1,4
고천당,90420,2,11,2,11,0,0
고천당,90421,26,0,25,0,1,0
고촌역,80061,3301,816,3301,816,0,137
고촌역,80062,740,6125,740,6125,0,228
고합아파트,70036,177,166,177,166,0,11
고향산천,43464,10,12,10,12,0,0
고향산천,43610,25,22,25,22,0,1
곡촌,43427,20,30,20,30,0,1
곡촌,43457,57,16,54,16,3,2
곡촌,43789,34,35,33,35,1,2
곡촌,43816,3,64,2,64,1,2
곤능,43197,5,71,5,71,0,2
곤능,43319,55,2,55,2,0,1
골드클래스,42936,150,934,150,934,0,36
공개마을,90195,33,0,33,0,0,1
공개마을,90196,2,29,2,29,0,1
공구상가,36092,436,1958,436,1958,0,79
공구상가.간동입구,80021,1213,111,1211,111,2,44
공군8547부대앞,35718,66,79,66,79,0,4
공군8547부대앞,35719,12,160,12,160,0,5
공군회관,19255,160,3,160,3,0,5
공군회관,20107,13,369,13,369,0,12
공단공구상가,92048,1,24,1,24,0,0
공단공원앞,42739,226,300,226,300,0,17
공단공원앞,42740,355,85,355,85,0,14
공단본부,42270,241,873,241,873,0,37
공단본부,42756,2533,643,2533,643,0,105
공단본부,42757,824,2507,824,2507,0,111
공단사거리,42995,7,1077,7,1077,0,36
공단사거리,42996,1791,10,1791,10,0,60
공단사거리,89069,30,274,30,274,0,10
공단사거리,89070,250,627,250,627,0,29
공단소방서,39062,1438,3503,1438,3503,0,164
공단시장,37426,2576,5236,2576,5236,0,260
공단시장,37427,7257,3447,7257,3447,0,356
공단오거리,40565,1818,722,1815,722,3,84
공단오거리,40566,461,2554,458,2554,3,100
공단유통상가,42940,56,1096,56,1096,0,38
공단유통상가,42941,1013,50,1013,50,0,35
공단자동차,42022,1616,2023,1616,2023,0,121
공단치안센터,37444,1464,939,1464,939,0,80
공단치안센터,37445,343,1587,343,1587,0,64
공단회관,39119,1395,3709,1395,3709,0,170
공단회관,39123,2910,1329,2910,1329,0,141
공덕오거리,14149,491,2,491,2,0,16
공설운동장,43091,28,642,28,642,0,22
공설운동장,43092,368,108,364,108,4,15
공수부대입구,92069,99,73,99,73,0,5
공숙입구,43290,44,120,44,120,0,5
공숙입구,43490,63,121,63,121,0,6
공영산업,89148,23,720,23,720,0,24
공작아파트,39479,2141,4017,2122,4017,19,205
공작아파트,39480,3303,4798,3299,4798,4,270
공장단지입구,42555,300,79,300,79,0,12
공촌마을,42323,4354,3381,4349,3381,5,257
공촌마을,42598,2812,3955,2804,3955,8,225
공촌사거리,42324,18983,11553,18983,11553,0,1017
공촌사거리,42330,16982,17916,16980,17916,2,1163
공촌사거리,42331,973,780,973,780,0,58
공촌사거리(한국아파트),42322,3964,5284,3964,5284,0,308
공촌유수지체육공원,89478,232,1264,229,1264,3,49
공촌유수지체육공원,89479,686,176,686,176,0,28
공촌정수장,42340,149,154,149,154,0,10
공촌정수장,42341,90,316,90,316,0,13
공항고등학교,35116,2646,789,2646,789,0,114
공항교회앞,35123,1792,2234,1792,2234,0,134
공항신도시(메디컬사거리),35258,740,1717,739,1717,1,81
공항중학교,35117,1272,1634,1272,1634,0,96
공항초등학교,35087,129,435,129,435,0,18
관곡마을,90104,0,12,0,12,0,0
관곡마을,90105,20,0,20,0,0,0
관광밸트입구,43874,0,8,0,8,0,0
관광밸트입구,43875,6,2,6,2,0,0
관교노인복지관·승학초등학교,37679,1172,1863,1172,1863,0,101
관교여자중학교,37226,9746,8967,9707,8967,39,623
관교여자중학교,37229,2998,2587,2993,2587,5,186
관교여자중학교,37231,3348,3517,3333,3517,15,228
관교중학교,37200,314,1036,314,1036,0,45
관교중학교(약수터),37202,4520,7132,4486,7132,34,388
관교중학교(약수터),37203,10838,6237,10781,6237,57,569
관리공단본부,42720,595,93,595,93,0,22
관창마을,35252,1712,961,1712,961,0,89
관창마을,35253,1928,2303,1928,2303,0,141
광명아파트,37434,13681,6059,13681,6059,0,658
광명아파트,39348,6863,13650,6863,13650,0,683
광명아파트,39835,9,880,9,880,0,29
광명아파트,40590,2599,956,2599,956,0,118
광명아파트,40817,7929,1592,7925,1592,4,317
광명아파트,41096,721,2267,721,2267,0,99
광명아파트,41098,2399,806,2399,806,0,106
광명아파트,41108,13815,20727,13815,20727,0,1151
광명아파트,41448,2451,8422,2446,8422,5,362
광명역IC진입(미정차),53043,1,0,1,0,0,0
광명역IC출입(미정차),53042,41,0,41,0,0,1
광명항,35708,117,0,111,0,6,3
광명항,35714,2343,1761,2337,1761,6,136
광명항(샘꾸미),35730,235,237,219,237,16,15
광성보,43674,113,106,108,106,5,7
광성오리,43128,7,7,7,7,0,0
광성오리,43862,1,22,1,22,0,0
광일아파트,40855,3600,1178,3600,1178,0,159
광일아파트,40874,2189,3730,2189,3730,0,197
교대역,31013,21702,21280,21702,21280,0,1432
교대입구,41141,1947,3099,1947,3099,0,168
교대입구,41142,3488,1904,3488,1904,0,179
교대후문,41362,1234,417,1234,417,0,55
교대후문,41363,319,2251,319,2251,0,85
교동중고후문,90024,2,70,2,70,0,2
교동중고후문,90025,135,8,132,8,3,4
교보생명,37357,31095,114196,31079,114196,16,4843
교산교회,43496,28,27,28,27,0,1
교산교회,43719,11,22,11,22,0,1
교산리입구,43694,24,32,21,32,3,1
교산리입구,43748,41,19,36,19,5,2
교산상회앞,43494,3,10,3,10,0,0
교산상회앞,43715,2,5,2,5,0,0
교육개발원입구,31005,870,13,870,13,0,29
교육개발원입구,31006,30,820,30,820,0,28
교통방송사거리,37538,945,2636,944,2636,1,119
교통방송사거리,37539,879,1238,879,1238,0,70
교통연수원,41191,813,2527,813,2527,0,111
교통연수원,41192,2720,1654,2720,1654,0,145
교회앞,43216,27,14,26,14,1,1
교회앞,43309,18,25,17,25,1,1
교회앞,43430,11,12,11,12,0,0
교회앞,43818,22,36,22,36,0,1
교회앞,90338,1,14,1,14,0,0
교회앞,90348,20,0,20,0,0,0
구검문소,43196,0,74,0,74,0,2
구검문소,43622,160,1,156,1,4,5
구능재,90193,40,0,39,0,1,1
구능재,90194,12,48,12,48,0,2
구도일주유소,40902,97,1224,97,1224,0,44
구두물입구,35219,232,306,232,306,0,17
구래리,80006,497,1765,494,1765,3,75
구래리,80007,1936,535,1929,535,7,82
구래역,80337,9981,21029,9978,21029,3,1033
구래역,80338,23733,10295,23711,10295,22,1134
구렁목,43950,262,9,260,9,2,9
구렁목,43951,6,168,6,168,0,5
구름다리,35735,32,295,32,295,0,10
구름다리,35736,78,24,78,24,0,3
구면사무소,43823,0,8,0,8,0,0
구반포역.세화고등학교,31031,1137,43,1137,43,0,39
구봉도입구,62035,40,401,40,401,0,14
구봉도입구,62037,373,28,373,28,0,13
구북성초교,43506,16,3,16,3,0,0
구북성초교,43656,4,6,4,6,0,0
구산사거리,40233,688,438,688,438,0,37
구산사거리,40842,354,22213,352,22213,2,752
구산사거리,40843,5312,9655,5307,9655,5,498
구산중학교,40518,1021,907,1021,907,0,64
구선택초교,43239,4,1,4,1,0,0
구선택초교,43896,0,7,0,7,0,0
구월1동행정복지센터,39967,828,4,828,4,0,27
구월1동행정복지센터,39981,0,416,0,416,0,13
구월2동행정복지센터,39586,3061,409,3061,409,0,115
구월2동행정복지센터,39607,380,2558,380,2558,0,97
구월도매전통시장,39192,21878,16524,21813,16524,65,1280
구월도매전통시장,39193,24427,34091,24419,34091,8,1950
구월동로데오거리,39195,4373,1008,4373,1008,0,179
구월동우체국,39211,3811,13006,3811,13006,0,560
구월동팬더아파트,39237,7913,8044,7880,8044,33,531
구월동팬더아파트,39238,9075,6262,9037,6262,38,511
구월서초등학교,39204,8381,6292,8381,6292,0,489
구월서초등학교,39205,5648,6017,5648,6017,0,388
구월아시아드1단지,39912,608,2,608,2,0,20
구월아시아드1단지,39913,0,106,0,106,0,3
구월아시아드5단지정문,39883,2684,5645,2674,5645,10,277
구월아시아드5단지후문,39881,2700,4457,2689,4457,11,238
구월아시아드6단지,39885,25370,8680,25368,8680,2,1135
구월아시아드6단지,39886,8122,19402,8122,19402,0,917
구월아시아드7단지,39892,3216,4228,3210,4228,6,248
구월아시아드8단지,39891,5347,2282,5337,2282,10,254
구월아시아드8단지,39948,75,529,75,529,0,20
구월아시아드8단지,39949,56,205,56,205,0,8
구월아시아드선수촌센트럴자이,39884,3919,2520,3917,2520,2,214
구월아시아드선수촌아파트,39202,1000,756,1000,756,0,58
구월아시아드선수촌아파트,39203,840,1998,840,1998,0,94
구월아시아드은빛호수공원,39914,9849,6842,9849,6842,0,556
구월아시아드은빛호수공원,39915,7862,6459,7860,6459,2,477
구월우체국,39213,9276,7239,9276,7239,0,550
구월중학교,39281,28809,19413,28753,19413,56,1607
구월중학교,39286,19365,30190,19332,30190,33,1651
구월체육공원,39384,3507,5176,3498,5176,9,289
구월초등학교,39832,1911,3657,1911,3657,0,185
구월초등학교,39833,3629,2226,3615,2226,14,195
구월한내들퍼스티지,39882,4569,2219,4567,2219,2,226
구장수파출소,39375,1389,839,1389,839,0,74
구재이,43282,60,8,58,8,2,2
구재이,43551,2,19,2,19,0,0
구정슈퍼앞,35498,12,72,11,72,1,2
구정슈퍼앞,35587,84,11,82,11,2,3
구정정미소,90284,3,23,3,23,0,0
구정정미소,90306,11,2,11,2,0,0
구중학교앞,44119,4,7,4,7,0,0
구중학교앞,44148,4,3,4,3,0,0
구하1리입구,43259,2,66,2,66,0,2
구하1리입구,43562,150,2,131,2,19,5
구하2리마을회관,43254,108,0,103,0,5,3
구하2리마을회관,43256,109,1,108,1,1,3
구하2리마을회관,43373,1,80,1,80,0,2
구하2리마을회관,43559,1,79,1,79,0,2
국궁장앞,70151,35,249,35,249,0,9
국립생물자원관,89111,247,608,247,608,0,28
국립생물자원관입구,42741,474,658,474,658,0,37
국립인천공항검역소,35430,17,164,15,164,2,6
국립인천공항검역소,35431,42,107,42,107,0,4
국민건강보험 인천부평지사,40620,1170,3856,1156,3856,14,167
국민건강보험 인천부평지사,40621,3271,1535,3261,1535,10,160
국민건강보험남부지사,37274,12429,12309,12416,12309,13,824
국민은행,38148,2112,5296,2112,5296,0,246
국민은행,38149,5372,2329,5372,2329,0,256
국민은행연수중앙지점,38129,4615,3367,4615,3367,0,266
국민은행연수중앙지점,38571,1638,3200,1638,3200,0,161
국제금융단지,89292,8420,6132,8420,6132,0,485
국제금융단지,89293,2766,6730,2766,6730,0,316
국제성모병원,89030,465,2248,465,2248,0,90
국제성모병원,89031,2788,1092,2788,1092,0,129
국제성모병원(종점),89369,0,102,0,102,0,3
국제업무단지(공항청사),35026,14386,3611,14386,3611,0,599
국제업무지구역,38528,1948,3819,1948,3819,0,192
국제업무지구역5번출구,38619,2961,2289,2961,2289,0,175
국제이노베이션,37573,2,1796,2,1796,0,59
국제콘크리트,90050,106,30,106,30,0,4
국제콘크리트,90051,11,207,11,207,0,7
국제학교,38457,2730,1214,2730,1214,0,131
국제학교,38462,1672,2705,1672,2705,0,145
국촌,43251,81,0,71,0,10,2
국촌,43371,1,59,1,59,0,2
국화리야영장앞,43353,89,3,88,3,1,3
국화리야영장앞,43843,4,66,4,66,0,2
국화맨션,43359,1,3,1,3,0,0
국화맨션,43566,14,10,14,10,0,0
국회연수원입구,43919,1,0,1,0,0,0
국회연수원입구,43920,0,21,0,21,0,0
군인아파트,43046,141,32,141,32,0,5
군인아파트,43047,57,131,57,131,0,6
굴다리,37142,8360,85,8360,85,0,281
굴다리오거리,40231,15713,8038,15700,8038,13,791
굴다리오거리,40232,14953,21768,14927,21768,26,1224
굴다리입구,37152,7937,3662,7920,3662,17,386
굴포천,40506,2405,2877,2405,2877,0,176
굴포천,40509,3113,3687,3113,3687,0,226
굴포천역(롯데마트),40814,39705,23336,39705,23336,0,2101
굴포천역(롯데마트),40815,17754,20828,17754,20828,0,1286
굴포천역(부평농협),40507,6274,8712,6273,8712,1,499
굴포천역(부평농협),40508,9696,6049,9692,6049,4,524
굴포천역(신복사거리),40485,4330,20317,4330,20317,0,821
굴포천역(신복사거리),40498,28157,6991,28157,6991,0,1171
굴포천역(욱일아파트),40519,4367,13569,4363,13569,4,597
굴포천역(욱일아파트),40522,8741,2816,8740,2816,1,385
궁골,43346,0,8,0,8,0,0
궁골,43572,7,1,7,1,0,0
궁현사거리,37575,1,790,1,790,0,26
궁현사거리,37576,235,2,235,2,0,7
귀뚜라미보일러,42003,0,137,0,137,0,4
귀뚜라미보일러,42004,181,0,181,0,0,6
귤현감리교회,41385,1822,5436,1822,5436,0,241
귤현감리교회,41386,4261,3102,4260,3102,1,245
귤현동마을입구,41326,531,135,531,135,0,22
귤현동마을입구,41328,120,699,120,699,0,27
귤현아이파크정문,41572,1910,401,1910,401,0,77
귤현역,41331,10304,4175,10304,4175,0,482
귤현역,41332,1325,801,1325,801,0,70
귤현차량기지(센트레빌3단지),41443,2332,732,2332,732,0,102
귤현차량기지(센트레빌3단지),41444,919,3035,919,3035,0,131
귤현차량기지(안골공원),41618,1763,2136,1763,2136,0,129
귤현차량기지(안골공원),41619,126,501,126,501,0,20
귤현차량사업소,41670,33,188,33,188,0,7
귤현현대아이파크,41620,638,1895,638,1895,0,84
그린나래지하차도,35648,10,654,10,654,0,22
그린나래지하차도,35649,2416,1098,2416,1098,0,117
그린빌라,42222,2048,1393,2026,1393,22,114
그린빌라,42602,1225,2683,1221,2683,4,130
그린힐아파트.e편한세상아파트,40194,290,1510,277,1510,13,60
극동.금호아파트,39272,4645,7025,4625,7025,20,389
극동.금호아파트,39278,5622,5194,5616,5194,6,360
극지연구소,39918,1912,2614,1912,2614,0,150
극지연구소,39919,3725,2479,3722,2479,3,206
근대문화거리입구,35369,2053,3636,2052,3636,1,189
근대문화거리입구,35370,2904,1871,2904,1871,0,159
근로복지공단인천병원,40145,11126,13551,11118,13551,8,822
근로복지공단인천병원,40155,20382,10831,20374,10831,8,1040
글로벌캠퍼스푸르지오,39841,1926,7737,1921,7737,5,322
글로벌파크,39975,671,669,671,669,0,44
글로벌파크,39976,127,1804,127,1804,0,64
글로벌파크베르디움,39840,6326,1341,6324,1341,2,255
금강다이아몬드,39007,448,1570,448,1570,0,67
금강다이아몬드,39008,726,336,726,336,0,35
금강마을,55066,1929,2566,1921,2566,8,149
금강마을,55068,5089,885,5089,885,0,199
금강요양병원,37291,7993,5910,7993,5910,0,463
금강종합상가,42858,1055,32,1055,32,0,36
금강찜질방,44113,13,2,13,2,0,0
금강찜질방,44149,13,42,13,42,0,1
금강찜질방,44150,0,19,0,19,0,0
금강찜질방,44151,12,0,9,0,3,0
금강탱크터미널,42758,978,2202,978,2202,0,106
금강펜테리움더시글로,89392,12447,5193,12447,5193,0,588
금강펜테리움더시글로,89459,3615,4979,3615,4979,0,286
금곡교차로,89370,19,48,19,48,0,2
금곡동,42471,4,153,3,153,1,5
금곡동,42587,515,91,515,91,0,20
금곡종점,89319,83,47,77,47,6,4
금란마트,89056,107,847,107,847,0,31
금란마트,89061,8,308,5,308,3,10
금마초등학교,40833,6077,3770,5997,3770,80,328
금산경로당,35564,6,517,6,517,0,17
금산경로당,35565,15,4,15,4,0,0
금성목재,42812,1,161,1,161,0,5
금운교,43298,1,38,1,38,0,1
금운교,43858,5,44,5,44,0,1
금월리종점,43777,184,88,184,88,0,9
금정골입구,90301,7,7,7,7,0,0
금정부락,90300,5,2,5,2,0,0
금호2차아파트,37031,7539,1193,7530,1193,9,291
금호2차아파트,37033,1841,5059,1837,5059,4,230
금호베스트빌1단지.영종도서관,35112,1397,2334,1397,2334,0,124
금호베스트빌1단지.영종도서관,35113,4316,1543,4315,1543,1,195
금호아파트,37061,212,503,212,503,0,23
금호아파트,38302,698,940,697,940,1,54
금호아파트,38349,11009,3478,10996,3478,13,482
금호아파트,40441,3562,1433,3562,1433,0,166
금호아파트,40795,21659,19842,21659,19842,0,1383
금호아파트,40845,7780,8551,7778,8551,2,544
금호어울림,35313,3291,1298,3291,1298,0,152
금호어울림,35384,1065,2748,1065,2748,0,127
금호어울림,37048,1220,2384,1204,2384,16,120
금호어울림2차,35597,7,1,7,1,0,0
금호어울림2차,35598,0,13,0,13,0,0
금호어울림아파트,42137,3880,2267,3880,2267,0,204
금호어울림아파트,42139,2498,2766,2498,2766,0,175
금호어울림아파트,42592,114,1499,114,1499,0,53
금호어울림아파트,42593,1776,663,1776,663,0,81
금호이수마운트밸리,40316,462,1120,462,1120,0,52
금호종합열처리,42801,829,66,829,66,0,29
금호타운,37024,14567,3257,14564,3257,3,594
금호타운,37026,4874,15958,4873,15958,1,694
금홍염전,35543,748,288,748,288,0,34
금홍염전,35544,526,3597,526,3597,0,137
기계공고,37294,4630,2868,4630,2868,0,249
기계철제단지,36129,7,205,7,205,0,7
기계철제단지,36149,129,49,129,49,0,5
기신정기,39567,1012,1694,1012,1694,0,90
기업은행(구월동지점),39178,287,542,287,542,0,27
기업은행앞,70152,161,51,161,51,0,7
기점(미정차)_517 519,37677,1099,0,1099,0,0,36
긴마루교회입구,35686,27,28,27,28,0,1
긴마루교회입구,35692,6,19,6,19,0,0
길병원,39250,79831,80451,79805,80451,26,5342
길병원,39262,13663,11072,13650,11072,13,824
길병원,39264,6610,9103,6604,9103,6,523
길병원,39590,74189,69892,74164,69892,25,4802
길병원사거리,39212,21149,19416,21137,19416,12,1352
길병원사거리,39216,19812,25372,19777,25372,35,1506
길상교회,43148,52,2,50,2,2,1
길상교회,43701,1,47,1,47,0,1
길상군립어린이집,43959,85,15,85,15,0,3
길상군립어린이집,43960,28,107,28,107,0,4
길상낚시터,43149,8,23,8,23,0,1
길상낚시터,43883,3,7,3,7,0,0
길상면주민복합센터,90409,100,274,98,274,2,12
길상면주민복합센터,90410,237,286,236,286,1,17
길상보건지소,43021,306,590,304,590,2,29
길상보건지소,43069,314,355,309,355,5,22
길정저수지,90054,1,3,1,3,0,0
길정저수지,90055,12,11,12,11,0,0
길직1리,43270,107,154,106,154,1,8
길직리,43031,231,188,231,188,0,13
길직리입구,43304,6,109,6,109,0,3
길직리입구,43313,68,10,67,10,1,2
길훈4차아파트,80040,8,319,8,319,0,10
길훈4차아파트,80041,316,1,316,1,0,10
길훈아파트,42494,9292,10282,9286,10282,6,652
김미현골프장,39749,1113,752,1113,752,0,62
김미현골프장,39751,671,1863,671,1863,0,84
김소골,35675,11,28,11,28,0,1
김소골,35703,41,31,41,31,0,2
김지곡,43455,3,80,3,80,0,2
김지곡,43831,134,2,133,2,1,4
김포공항국내선,25029,1651,2912,1651,2912,0,152
김포공항국내선,25091,547,62,547,62,0,20
김포공항국제선,25006,767,4741,767,4741,0,183
김포공항국제선,25164,102,173,100,173,2,9
김포대학입구,80257,520,59,520,59,0,19
김포대학입구,80258,67,549,67,549,0,20
김포초교,80028,137,430,137,430,0,18
김포초교,80030,469,117,469,117,0,19
김포한강신협,80032,1130,1474,1130,1474,0,86
김포한강신협,80035,1356,1278,1356,1278,0,87
까치공원.작전도서관,41149,15783,11589,15778,11589,5,912
까치말사거리,41563,10255,4109,10255,4109,0,478
까치말사거리,41564,4115,7510,4115,7510,0,387
꿈동산.사랑마을,55022,1362,2024,1362,2024,0,112
꿈동산.사랑마을,55024,1435,97,1435,97,0,51
꿈에그린아파트,92023,3392,4411,3392,4411,0,260
나누리병원,40398,27094,20414,27094,20414,0,1583
나누리병원,40784,24228,20430,24228,20430,0,1488
나래병원,38142,2951,2012,2951,2012,0,165
나룻개,35593,77,228,77,228,0,10
나룻개,35594,214,53,214,53,0,8
나룻개입구,35385,39,343,38,343,1,12
나룻개입구,35386,307,35,307,35,0,11
나무깨,90183,7,7,7,7,0,0
나무깨,90184,15,26,15,26,0,1
나무다리,90340,0,14,0,14,0,0
나무다리,90344,7,0,7,0,0,0
나사렛국제병원앞,38068,48300,15672,48219,15672,81,2132
나은병원,42056,7288,2386,7268,2386,20,322
낚시터매점,43356,19,78,19,78,0,3
낚시터매점,43840,58,0,58,0,0,1
낚시터입구,42802,107,904,107,904,0,33
난곳정미소,90286,28,43,28,43,0,2
난정1리마을회관,90285,17,15,17,15,0,1
난정1리마을회관,90287,7,1,7,1,0,0
난정교회앞,90288,3,3,3,3,0,0
난정보건진료소앞,90289,2,7,2,7,0,0
난정초등학교입구,90305,31,0,31,0,0,1
남광로얄아파트,37257,20592,28363,20572,28363,20,1631
남광하우스토리,42841,3397,955,3396,955,1,145
남광하우스토리,42920,5067,1705,5065,1705,2,225
남광하우스토리,42921,2205,4686,2201,4686,4,229
남동I.C(문학동입구),39168,266,3861,266,3861,0,137
남동경기장,92055,441,315,441,315,0,25
남동경찰서·남촌농산물도매시장,39147,3921,2102,3913,2102,8,200
남동경찰서·남촌농산물도매시장,39148,2703,1875,2697,1875,6,152
남동고등학교,92035,160,332,160,332,0,16
남동고등학교,92036,19,60,19,60,0,2
남동공단2호공원,39075,778,5851,778,5851,0,220
남동공단근린공원앞,39073,5527,959,5527,959,0,216
남동공단우체국,39076,1873,6476,1873,6476,0,278
남동구청,39263,11119,8382,11117,8382,2,650
남동구청,39279,10983,10654,10981,10654,2,721
남동구청역,39318,12790,8224,12789,8224,1,700
남동구청역,39324,12789,15186,12780,15186,9,932
남동구청후문(남동등기소),39287,5252,11173,5248,11173,4,547
남동구청후문(남동등기소),39288,5109,2949,5109,2949,0,268
남동국가산업단지 입구,39853,638,1374,592,1374,46,67
남동국가산업단지(기신정기),39568,1814,1385,1814,1385,0,106
남동대교,38090,2480,7161,2480,7161,0,321
남동대교(스퀘어원),39063,5549,2976,5495,2976,54,284
남동빌라,39330,5172,1851,5168,1851,4,234
남동세무서,39887,20152,10811,20151,10811,1,1032
남동세무서,39888,12714,22562,12709,22562,5,1175
남동소래아트홀,39743,568,150,568,150,0,23
남동소래아트홀,39744,244,72,244,72,0,10
남동소래아트홀,39748,213,177,213,177,0,13
남동소래아트홀,39792,128,478,128,478,0,20
남동소방서,39252,1243,2457,1243,2457,0,123
남동소방서,39587,11059,6892,11019,6892,40,598
남동시범공단앞,39100,3676,5608,3676,5608,0,309
남동시범공단앞,39102,6608,2922,6608,2922,0,317
남동아시아드럭비경기장,39214,445,889,445,889,0,44
남동아시아드럭비경기장,39215,389,762,389,762,0,38
남동인더스파크역,39074,13969,2527,13969,2527,0,549
남동인더스파크역1번출구,92045,86,0,86,0,0,2
남동인더스파크역1번출구,92050,0,107,0,107,0,3
남동정수장,39372,513,765,513,765,0,42
남동중학교,39220,11125,6765,11115,6765,10,596
남동중학교,39224,7393,7090,7382,7090,11,482
남동체육관,39930,724,857,724,857,0,52
남동체육관,39947,697,1495,697,1495,0,73
남동체육관(체조경기장),39682,1726,2658,1726,2658,0,146
남동체육관(체조경기장),39862,1124,923,1124,923,0,68
남동초등학교,39254,16311,26059,16311,26059,0,1412
남동초등학교,39255,29954,14215,29950,14215,4,1472
남동초등학교,39265,4544,516,4544,516,0,168
남동화원,39300,6259,6727,6259,6727,0,432
남디4거리,35271,476,929,476,929,0,46
남디4거리,35280,509,571,509,571,0,36
남부고가교,40921,11,246,11,246,0,8
남산리,43628,42,7,41,7,1,1
남산유스호스텔,43982,21,0,21,0,0,0
남산유스호스텔,43985,24,29,18,29,6,1
남산포입구,90030,0,26,0,26,0,0
남산포입구,90031,44,0,44,0,0,1
남성네고개,35426,48,185,48,185,0,7
남성네고개,35427,157,20,157,20,0,5
남씨농원앞,41495,9,64,9,64,0,2
남씨농원앞,41511,22,0,22,0,0,0
남양목재,42814,0,212,0,212,0,7
남인천농협백운지점,37174,212,885,212,885,0,36
남인천새마을금고중앙지점,37300,13425,15069,13405,15069,20,949
남인천여자중학교,39190,19662,5961,19623,5961,39,854
남인천여자중학교,39191,7564,18841,7541,18841,23,880
남중학교,37331,5500,497,5500,497,0,199
남중학교,37336,8718,25002,8718,25002,0,1124
남청라TG,89379,212,0,212,0,0,7
남청라TG,89380,1,219,1,219,0,7
남촌농산물도매시장,92031,6059,825,6059,825,0,229
남촌농산물도매시장,92032,17,3965,17,3965,0,132
남촌농산물도매시장채소동앞,92033,104,1847,104,1847,0,65
남촌농산물도매시장채소동앞,92034,445,581,443,581,2,34
남촌동다목적센터,39908,69,1552,69,1552,0,54
남촌동다목적체육센터,39907,258,276,257,276,1,17
남촌동입구,39166,4212,9357,4208,9357,4,452
남촌입구,39156,219,649,219,649,0,28
남촌입구,39157,597,1820,594,1820,3,80
남촌풍림2차아파트,39171,5967,11762,5962,11762,5,590
남촌풍림3차아파트,39165,4938,4799,4932,4799,6,324
남촌풍림3차아파트,39167,4705,5168,4703,5168,2,329
남촌풍림아파트,39172,12309,3694,12304,3694,5,533
남항유어선부두,35078,6482,1238,6423,1238,59,257
남항유어선부두,35079,152,5477,143,5477,9,187
납섬입구,90185,16,8,16,8,0,0
납섬입구,90186,11,20,11,20,0,1
내2리마을회관앞,44138,1,10,1,10,0,0
내2리마을회관앞,44152,54,14,54,14,0,2
내3리다목적회관앞,44121,0,4,0,4,0,0
내3리마을회관,44154,6,0,6,0,0,0
내3리마을회관,44155,6,8,6,8,0,0
내3리마을회관,44156,17,2,16,2,1,0
내4리마을회관,44104,26,58,26,58,0,2
내4리마을회관,44157,32,9,21,9,11,1
내5리마을회관,44128,15,2,15,2,0,0
내5리마을회관,44158,2,0,2,0,0,0
내7리마을회관,44118,4,13,2,13,2,0
내7리마을회관,44159,15,5,6,5,9,0
내가면사무소(맞은편),43906,124,73,124,73,0,6
내가면사무소(사무소),43907,44,171,44,171,0,7
내가시장,43392,189,239,185,239,4,14
내가시장,43484,393,173,372,173,21,18
내가초등학교,43368,142,16,137,16,5,5
내가초등학교,43554,16,153,16,153,0,5
내건너,90167,39,55,38,55,1,3
내건너,90168,36,14,36,14,0,1
내동교회,44114,18,13,18,13,0,1
내동교회,44206,14,4,14,4,0,0
내동삼거리,44111,5,33,5,33,0,1
내리고개넘어,44102,10,7,10,7,0,0
내리교회,43395,23,16,23,16,0,1
내리교회,43543,53,44,53,44,0,3
내리쉼터,43968,2,4,2,4,0,0
내리쉼터,43972,7,1,7,1,0,0
내리어촌계사무실,44135,0,18,0,18,0,0
내리어촌계사무실,44204,2,0,2,0,0,0
내리주유소.한국화장품삼거리,57016,1433,1819,1433,1819,0,108
내리주유소.한국화장품삼거리,57018,2284,2050,2284,2050,0,144
내촌,43343,93,110,93,110,0,6
내촌,43581,54,28,51,28,3,2
내촌입구,90394,2,99,2,99,0,3
내촌입구,90395,51,32,51,32,0,2
너출(드무리입구),44086,0,1,0,1,0,0
너출(드무리입구),44161,1,0,1,0,0,0
넘말,43140,10,1,10,1,0,0
넘말,43438,0,4,0,4,0,0
넙디,35574,2012,7794,2012,7794,0,326
넙디,35575,9864,1664,9864,1664,0,384
넙디마을입구,35389,142,212,142,212,0,11
노가리해변,44162,1,1,1,1,0,0
노랑새고개,43273,137,40,135,40,2,5
노랑새고개,43570,30,169,30,169,0,6
노인복지관,92072,1945,1688,1943,1688,2,121
노인복지관,92073,1437,5934,1435,5934,2,245
노인복지회관,37599,155,774,155,774,0,30
노인인력개발센터,40134,913,221,913,221,0,37
노인인력개발센터,40745,121,1106,121,1106,0,40
녹청자박물관,42668,2781,522,2781,522,0,110
녹청자박물관,42669,247,2108,247,2108,0,78
논고개길,39687,1868,2198,1863,2198,5,135
논고개길,39819,1721,1932,1721,1932,0,121
논고개길사거리,39870,313,3,307,3,6,10
논골,35318,4,3,4,3,0,0
논골,35394,10,5,10,5,0,0
논골,44098,1,5,1,5,0,0
논골,44163,0,11,0,11,0,0
논골경로당 입구,35770,4,1,4,1,0,0
논골경로당 입구,35771,1,14,1,14,0,0
논현10단지별빛마을웰카운티A정문,39121,5627,2893,5622,2893,5,284
논현10단지별빛마을웰카운티A후문,39599,959,1489,955,1489,4,81
논현12단지산뒤마을,39609,5236,12867,5229,12867,7,603
논현13단지푸르네마을,39611,3389,7207,3382,7207,7,353
논현13단지푸르네마을,39617,5010,2446,5010,2446,0,248
논현13단지푸르네마을,39618,1813,2744,1813,2744,0,151
논현14단지등대마을,39610,9992,1406,9954,1406,38,379
논현14단지등대마을휴먼시아아파트,39612,9425,3770,9393,3770,32,439
논현1동행정복지센터,39598,1517,898,1513,898,4,80
논현2단지범마을,39625,2578,11447,2575,11447,3,467
논현2동행정복지센터,39571,1580,202,1580,202,0,59
논현2동행정복지센터,39572,221,1088,221,1088,0,43
논현2동행정복지센터,39636,1502,3179,1502,3179,0,156
논현2동행정복지센터,39697,2986,1284,2986,1284,0,142
논현3단지하늘마을301동,39631,101,3320,100,3320,1,114
논현3단지하늘마을302동,39624,17686,5558,17673,5558,13,774
논현3단지하늘마을305동,39626,2135,5343,2135,5343,0,249
논현3단지하늘마을305동,39627,4157,2456,4157,2456,0,220
논현5단지달맞이마을,39079,9365,3557,9357,3557,8,430
논현6단지어진마을한화꿈에그린A정문,39078,4162,7308,4162,7308,0,382
논현8단지동산마을,39104,5176,2131,5175,2131,1,243
논현8단지동산마을,39569,514,1024,514,1024,0,51
논현8단지동산마을,39570,796,517,796,517,0,43
논현9단지냇마을신영지웰A,39101,2402,4281,2402,4281,0,222
논현9단지냇마을신영지웰A,39602,388,199,387,199,1,19
논현9단지냇마을신영지웰A,39603,47,649,44,649,3,23
논현9단지냇마을신영지웰A정문,39600,2219,1103,2216,1103,3,110
논현고잔동행정복지센터,39707,8296,13440,8294,13440,2,724
논현단풍마을트리플에듀,39582,3762,5684,3762,5684,0,314
논현단풍마을트리플에듀,39616,513,177,513,177,0,23
논현동힐스테이트,39708,20592,9784,20582,9784,10,1012
논현사거리,39504,5343,4274,5342,4274,1,320
논현사거리,39505,4040,4939,4038,4939,2,299
논현센트럴뷰·에코메트로5단지,39693,734,1047,734,1047,0,59
논현신일해피트리아파트,39088,2260,7493,2259,7493,1,325
논현신일해피트리아파트,39089,7114,2819,7101,2819,13,331
논현역,32007,111,3135,111,3135,0,108
논현역,32008,4082,34,4082,34,0,137
논현유승한내들,39839,1445,3152,1445,3152,0,153
논현유승한내들,39923,3409,1056,3409,1056,0,148
논현주공1단지,39112,14141,6786,14136,6786,5,697
논현주공2단지,39106,11836,13178,11832,13178,4,833
논현주공아파트(인천금융고),39096,13546,11157,13546,11157,0,823
논현주공아파트(인천금융고),39098,16125,14380,16125,14380,0,1016
논현중앙공원·남동논현도서관,39604,495,1842,490,1842,5,77
논현중학교,39573,1332,178,1332,178,0,50
논현중학교,39574,77,667,77,667,0,24
논현초등학교,39601,705,1968,699,1968,6,89
논현파크포레,39649,6220,3879,6211,3879,9,336
논현파크포레,39722,1451,4167,1449,4167,2,187
논현포대근린공원,92056,93,77,93,77,0,5
논현푸르지오.유호엔시티,39822,2187,86,2185,86,2,75
논현화훼단지,39830,212,1402,212,1402,0,53
논현화훼단지,39831,253,921,252,921,1,39
농기계은행앞,90036,0,18,0,18,0,0
농기계은행앞,90037,14,0,14,0,0,0
농도원,43178,3,73,3,73,0,2
농도원,43355,157,27,157,27,0,6
농막골,90189,17,6,17,6,0,0
농막골,90190,18,19,5,19,13,1
농산물시장,40688,3964,1057,3964,1057,0,167
농어바위캠핑장,44140,3,1,3,1,0,0
농어바위캠핑장,44164,14,21,14,21,0,1
농어촌공사앞,43268,149,22,147,22,2,5
농어촌공사앞,43489,38,129,38,129,0,5
농업기술센터,43357,250,161,249,161,1,13
농업기술센터,43573,101,280,98,280,3,12
농장주유소,39472,254,977,254,977,0,41
농장주유소,39508,211,675,211,675,0,29
농협로타리,40244,1657,2837,1657,2837,0,149
농협로타리,40248,2195,1157,2195,1157,0,111
농협로타리,40251,1480,2391,1480,2391,0,129
농협로타리,40751,4388,2730,4374,2730,14,237
농협하나로마트,44117,1,0,1,0,0,0
농협하나로마트,44165,0,11,0,11,0,0
높은마을입구,35685,19,51,19,51,0,2
높은마을입구,35693,38,38,38,38,0,2
누촌,43238,48,195,47,195,1,8
누촌,43360,148,33,148,33,0,6
뉴그린아트빌,40875,1258,900,1258,900,0,71
뉴그린아트빌,40876,252,1567,252,1567,0,60
뉴서울1차아파트,40275,12306,6814,12189,6814,117,637
뉴서울3차아파트,41026,1893,3957,1893,3957,0,195
뉴서울3차아파트,41029,8612,1113,8586,1113,26,324
뉴서울3차아파트,41032,1273,5268,1241,5268,32,218
뉴서울6차아파트,41632,1400,388,1400,388,0,59
뉴서울6차아파트,41635,460,1611,460,1611,0,69
뉴서울아파트,38303,1673,1628,1663,1628,10,110
뉴서울아파트,39234,8417,183,8417,183,0,286
뉴서울아파트,39235,250,4465,250,4465,0,157
뉴서울아파트,40505,2188,1158,2188,1158,0,111
뉴서울아파트,40514,554,657,547,657,7,40
뉴서울아파트,40526,1751,4203,1750,4203,1,198
뉴서울아파트,41153,6171,6631,6171,6631,0,426
뉴서울아파트,89071,9391,20948,9363,20948,28,1011
느티나무,43182,32,102,32,102,0,4
느티나무,43232,151,15,147,15,4,5
늘목,35414,174,684,174,684,0,28
늘목,35415,602,67,602,67,0,22
늘목마을입구,35529,10,0,10,0,0,0
늘목마을입구,35725,1,19,1,19,0,0
늘푸른벽산.서강2차,70021,9,2531,9,2531,0,84
능곡마을회관,43553,71,13,64,13,7,2
능곡마을회관,43649,18,44,18,44,0,2
능미,43921,80,8,79,8,1,2
능미,43922,15,64,14,64,1,2
능안,43276,77,73,76,73,1,5
능안,43571,47,65,46,65,1,3
능촌삼거리,90370,0,10,0,10,0,0
능촌입구,43560,28,1,28,1,0,0
능촌입구,43854,1,57,1,57,0,1
능허대공원,38567,656,1011,656,1011,0,55
능허대공원,38777,289,128,256,128,33,13
다남동소촌마을입구,41329,477,12,476,12,1,16
다남동소촌마을입구,41330,14,666,14,666,0,22
다남동역골입구,41333,2,266,2,266,0,8
다남동역골입구,41334,209,23,209,23,0,7
다남성결교회,41664,78,97,76,97,2,5
다남성결교회,41665,14,213,14,213,0,7
다남식당,41477,1955,19066,1955,19066,0,700
다남식당,41478,805,3462,804,3462,1,142
다리목,43717,10,11,10,11,0,0
다리목,43845,11,12,11,12,0,0
다사랑마을입구,35887,7,29,7,29,0,1
다사랑마을입구,35888,32,14,32,14,0,1
다우리농장,44083,4,0,0,0,4,0
다우리농장,44166,2,13,0,13,2,0
다운,43605,114,112,107,112,7,7
다운,43822,78,87,77,87,1,5
다운1리,43582,13,96,12,96,1,3
다운1리,43821,51,15,51,15,0,2
다운마을,43398,5,77,5,77,0,2
다운마을,43824,61,2,60,2,1,2
다임메가타운,40870,72,616,72,616,0,22
단봉초등학교,42380,4441,875,4436,875,5,177
단봉초등학교,42382,973,3620,969,3620,4,153
달빛축제공원,38620,149,137,149,137,0,9
달빛축제공원,38621,87,730,87,730,0,27
달빛축제공원대공연장,38733,278,747,278,747,0,34
달빛축제공원대공연장,38734,1035,415,1035,415,0,48
담방로사거리,39275,12046,4164,12038,4164,8,540
담방아파트,39226,760,65,760,65,0,27
당곡고개,80048,159,777,159,777,0,31
당곡고개,80049,661,60,661,60,0,24
당미마을,41552,4214,6134,4214,6134,0,344
당미마을,41553,4392,3387,4392,3387,0,259
당산리,43450,10,157,10,157,0,5
당산리,43700,179,8,173,8,6,6
당산리검문소,43699,141,11,137,11,4,5
당산리검문소,43752,14,157,14,157,0,5
당산종점,43669,3,40,3,40,0,1
당산종점,43725,40,0,39,0,1,1
당산초등학교,41418,5229,2744,5229,2744,0,265
당산초등학교,41419,1700,2555,1700,2555,0,141
당산초등학교아래사거리,41644,1,133,1,133,0,4
당산초등학교아래사거리,41645,440,240,440,240,0,22
당하대주파크빌,42392,2471,1820,2466,1820,5,143
당하동탑스빌아파트,42639,4035,3206,4035,3206,0,241
당하동행정복지센터,42886,11493,6521,11493,6521,0,600
당하메디칼,42402,1758,2398,1755,2398,3,138
당하초등학교,42396,1437,1049,1436,1049,1,82
당하초등학교,42399,1297,1478,1297,1478,0,92
당하탑스빌아파트,42393,2639,2642,2639,2642,0,176
당하푸르지오,42403,1134,942,1134,942,0,69
당하푸르지오,42502,766,4345,766,4345,0,170
당하풍림아파트,42405,1729,11682,1729,11682,0,447
대경화성,39789,1210,768,1210,768,0,65
대경화성,39790,1003,1525,1003,1525,0,84
대곶사거리,80008,1747,6070,1736,6070,11,260
대곶사거리,80009,6928,1803,6897,1803,31,291
대기이에스티,39013,167,357,167,357,0,17
대덕강업앞,42759,19,570,19,570,0,19
대동1차후문(종점),40553,389,640,389,640,0,34
대동도어(주),39983,541,12,541,12,0,18
대동도어(주),39984,5,681,5,681,0,22
대동아파트,37042,8941,2331,8941,2331,0,375
대동아파트,37504,4612,7448,4612,7448,0,402
대동아파트,38128,6475,11562,6466,11562,9,601
대동아파트,38345,4836,5611,4831,5611,5,348
대동아파트,39256,380,4893,380,4893,0,175
대동아파트,39473,3724,244,3712,244,12,132
대동아파트,39474,108,7160,99,7160,9,242
대동아파트,40491,615,250,615,250,0,28
대동아파트,40569,8021,3264,8017,3264,4,376
대동아파트,41172,2596,705,2596,705,0,110
대동아파트,42304,2208,4286,2201,4286,7,216
대동아파트,42306,3198,1758,3193,1758,5,165
대동아파트정문앞,40277,1313,1059,1309,1059,4,79
대동아파트후문,41137,2189,4753,2184,4753,5,231
대동월드,38116,4944,2823,4944,2823,0,258
대동특수철강,39049,95,1198,95,1198,0,43
대룡2리마을회관앞,90026,0,45,0,45,0,1
대룡2리마을회관앞,90027,80,3,78,3,2,2
대룡시장,90020,399,1333,396,1333,3,57
대룡시장,90021,1351,394,1330,394,21,58
대륭맨숀,40242,9451,5788,9451,5788,0,507
대륭맨숀,40247,10122,10715,10122,10715,0,694
대림3차아파트301동앞,38681,410,29,410,29,0,14
대림3차아파트301동앞,38684,25,657,25,657,0,22
대림아파트,37053,10670,4514,10669,4514,1,506
대림아파트,37054,3281,7788,3281,7788,0,368
대림아파트,38257,5676,1444,5676,1444,0,237
대림아파트,40382,3548,10813,3524,10813,24,478
대림아파트,42609,1876,1400,1859,1400,17,109
대림아파트,42610,203,2187,200,2187,3,79
대림아파트후문,40397,2153,1399,2153,1399,0,118
대명아파트,37537,2324,6061,2324,6061,0,279
대명초교,80002,1922,176,1918,176,4,69
대명초교,80003,325,1721,324,1721,1,68
대문리고개입구,43546,484,325,471,325,13,26
대문목재,89206,135,239,135,239,0,12
대문목재,89207,266,49,266,49,0,10
대문촌마을,90058,9,6,9,6,0,0
대문촌마을,90059,2,2,2,2,0,0
대박주유소,36091,2263,2545,2263,2545,0,160
대부고교차로,18388,2,19,2,19,0,0
대부관광호텔,62040,255,80,255,80,0,11
대부도서관,18389,1,27,1,27,0,0
대부도서관,18391,11,13,11,13,0,0
대부동행정복지센터,62011,360,1426,360,1426,0,59
대부동행정복지센터,62012,1500,308,1500,308,0,60
대부중고등학교,62027,344,36,344,36,0,12
대부중고등학교,62028,34,281,34,281,0,10
대부파출소앞,62036,1,84,1,84,0,2
대부파출소앞,62042,105,7,105,7,0,3
대사마을,43947,15,221,15,221,0,7
대사마을,43948,179,17,176,17,3,6
대산-기점,90259,3289,3142,3250,3142,39,214
대상스틸,89007,50,552,48,552,2,20
대성베르힐아파트(가정성당),89240,1355,2866,1355,2866,0,140
대성베르힐아파트(가정성당),89241,5775,2287,5775,2287,0,268
대성유니드아파트,40674,1008,4502,1008,4502,0,183
대성유니드아파트,40675,2554,443,2554,443,0,99
대신아파트,41406,5723,1766,5723,1766,0,249
대신철강,42859,11,1026,11,1026,0,34
대야초교.ABC학습타운입구,70017,334,2077,334,2077,0,80
대야초교.ABC학습타운입구,70020,2380,480,2380,480,0,95
대양자동차학원,35073,10,2475,10,2475,0,82
대우삼환아파트,38078,6123,4187,6123,4187,0,343
대우삼환아파트,38591,1299,3324,1299,3324,0,154
대우실업,41485,24,35,24,35,0,1
대우실업,41505,25,1,25,1,0,0
대우아파트,38206,4307,3844,4304,3844,3,271
대우아파트,38208,3796,3143,3795,3143,1,231
대우아파트,40321,172,403,172,403,0,19
대우아파트,40340,735,487,735,487,0,40
대우일렉트로닉스,37462,244,2311,244,2311,0,85
대우일렉트로닉스,37463,2099,773,2098,773,1,95
대우자동차운전학원,42262,496,279,496,279,0,25
대우자동차운전학원,42263,193,450,193,450,0,21
대우재아파트,39702,9,381,8,381,1,13
대우재아파트,39703,436,414,435,414,1,28
대우푸르지오,42407,30195,4267,30189,4267,6,1148
대우푸르지오,42842,1195,3609,1193,3609,2,160
대우푸르지오복합상가,39605,2781,1706,2754,1706,27,149
대우하나아파트,89073,17856,10724,17842,10724,14,952
대우하나아파트,89074,9286,12284,9272,12284,14,719
대웅실업앞,92003,49,289,49,289,0,11
대원레스피아1단지아파트,42643,8407,51,8407,51,0,281
대원정밀,39475,393,746,393,746,0,37
대월초등학교,90094,0,5,0,5,0,0
대월초등학교,90095,13,0,13,0,0,0
대은교회,42143,4790,8586,4771,8586,19,445
대인고등학교,42344,2338,3345,2338,3345,0,189
대인고등학교,42345,4234,1926,4218,1926,16,205
대인고등학교,89490,240,895,240,895,0,37
대일엠앤쿡,39059,704,1732,704,1732,0,81
대장간마을,43703,329,169,324,169,5,16
대정,90117,5,89,4,89,1,3
대정,90118,78,6,75,6,3,2
대주아파트,42469,1972,11433,1972,11433,0,446
대주파크빌,42466,6160,1266,6160,1266,0,247
대진아파트,40415,2768,2345,2768,2345,0,170
대촌,43393,54,60,51,60,3,3
대촌,43545,31,22,31,22,0,1
대촌마을,41663,11,0,11,0,0,0
대토단지앞,39813,1074,962,1074,962,0,67
대한솔루션알앤디센터,39557,21,360,21,360,0,12
대한제당,35169,1121,38,1120,38,1,38
대한제당,35220,12,1480,12,1480,0,49
대현목재,89205,202,329,202,329,0,17
대화초등학교,37397,6441,2543,6441,2543,0,299
대화초등학교,37399,2821,5103,2821,5103,0,264
대흥,43194,25,430,25,430,0,15
대흥,43591,470,23,442,23,28,16
대흥식당,35688,29,18,26,18,3,1
대흥식당,35689,20,36,20,36,0,1
더리미경로당,43363,16,11,15,11,1,0
더리미경로당,43731,16,20,16,20,0,1
더리미미술관,43961,94,14,86,14,8,3
더리미미술관,43962,3,10,0,10,3,0
더리미장어마을,43680,14,45,14,45,0,1
더리미장어마을,43864,26,7,24,7,2,1
더샵그린스퀘어105동,92021,1932,222,1932,222,0,71
더샵그린스퀘어107동,92022,203,2638,203,2638,0,94
더샵그린애비뉴,38486,9787,8474,9786,8474,1,608
더샵그린애비뉴,38510,766,17,766,17,0,26
더샵그린워크1단지,38495,5675,2393,5653,2393,22,268
더샵부평센트럴시티(101동),40061,1912,2793,1912,2793,0,156
더샵부평센트럴시티(101동),40065,2666,1356,2666,1356,0,134
더샵부평센트럴시티(127동),40050,9971,15206,9945,15206,26,839
더샵센트럴시티204동,92020,52,2135,52,2135,0,72
더샵센트럴시티205동,92019,4814,2849,4814,2849,0,255
더샵송도마리나베이,38765,12,1140,12,1140,0,38
더샵송도마리나베이,38766,848,13,848,13,0,28
더샵송도프라임뷰20단지,38561,1348,4430,1345,4430,3,192
더샵엑스포빌리지,38480,7894,3599,7893,3599,1,383
더샵퍼스트파크13단지,38601,1026,192,1013,192,13,40
더샵퍼스트파크13단지,38602,116,688,116,688,0,26
더샵하버뷰,38485,11752,8166,11749,8166,3,663
더샵하버뷰,38487,3480,2248,3471,2248,9,190
더샵하버뷰(D13),38453,1577,1036,1558,1036,19,87
더샵하버뷰(D13),38466,1441,1766,1441,1766,0,106
더샵하버뷰(D14),38454,1066,724,1066,724,0,59
더샵하버뷰14단지,38504,1644,1383,1642,1383,2,100
더월드스테이트2단지,37657,886,492,865,492,21,45
더월드스테이트후문,37422,66,742,64,742,2,26
더포레스트아파트,39876,8297,1740,8297,1740,0,334
더포레스트아파트,39877,4574,8634,4574,8634,0,440
더프라우,38410,9280,26508,9280,26508,0,1192
더필립요양병원,40461,1856,3986,1856,3986,0,194
덕고개삼거리,43723,103,48,101,48,2,5
덕고개삼거리,43750,5,52,5,52,0,1
덕골,43397,18,4,17,4,1,0
덕골,43399,12,14,12,14,0,0
덕교3거리,35012,141,26,141,26,0,5
덕교동,35003,778,143,778,143,0,30
덕교동,35005,165,1304,165,1304,0,48
덕교동,35259,1420,390,1420,390,0,60
덕교삼거리,35214,40,192,40,192,0,7
덕신고등학교(강화읍교회),90228,22,147,22,147,0,5
덕신고등학교(강화읍교회),90229,125,163,124,163,1,9
덕유마을.설악마을,11187,2501,1307,2501,1307,0,126
덕유마을.설악마을,55073,1206,667,1206,667,0,62
덕음,43657,10,9,10,9,0,0
덕응,43983,8,15,8,15,0,0
덕응,43986,11,10,11,10,0,0
덕정가든,43173,1,23,1,23,0,0
덕정가든,43296,57,3,54,3,3,2
덕진사거리,43870,66,18,66,18,0,2
덕진사거리,90310,5,13,5,13,0,0
덕진진,43637,20,76,20,76,0,3
덕진진,43672,13,4,13,4,0,0
덕창기계,39723,188,47,188,47,0,7
덕포리,43006,442,225,442,225,0,22
덕포리,43100,182,295,180,295,2,15
덕하교앞,43449,35,35,35,35,0,2
덕하교앞,43727,20,43,20,43,0,2
덕화2리,43468,55,24,55,24,0,2
덕화2리,43730,3,26,3,26,0,0
덕화2리마을회관,43923,39,22,37,22,2,2
덕화2리마을회관,43924,7,21,7,21,0,0
덕화3리마을회관,43609,154,108,150,108,4,8
덕화3리입구,43469,11,3,11,3,0,0
덕화3리입구,43729,20,30,20,30,0,1
덕화교회앞,90398,2,39,2,39,0,1
덕화교회앞,90399,11,9,11,9,0,0
도간마을,43612,24,0,23,0,1,0
도간마을,43664,0,31,0,31,0,1
도감말,43733,19,9,18,9,1,0
도감말,43754,6,8,6,8,0,0
도곡한신아파트,23504,70,27,70,27,0,3
도담공원.푸르지오더베뉴,89397,4751,1988,4751,1988,0,224
도담공원.푸르지오더베뉴,89398,3210,4820,3210,4820,0,267
도담공원·인천이음중학교(서측),89482,2136,1695,2136,1695,0,127
도두리마을,41565,16756,2125,16756,2125,0,629
도두리마을,41566,2777,12877,2777,12877,0,521
도림고등학교,92066,159,185,159,185,0,11
도림동고개,39160,1201,665,1200,665,1,62
도림동고개,39161,644,1641,644,1641,0,76
도림동입구,39140,8585,1978,8585,1978,0,352
도림동입구,39141,3,2250,3,2250,0,75
도림아이파크아파트,39155,7914,4087,7908,4087,6,400
도림육교,39154,3539,6744,3536,6744,3,342
도림주공1단지,39152,15699,12538,15683,12538,16,941
도림주공1단지,39153,13956,11598,13948,11598,8,851
도림주공208동,39142,6749,3400,6740,3400,9,338
도림주공208동,39143,4886,7149,4885,7149,1,401
도림주공2단지,39146,4613,4094,4611,4094,2,290
도림주공2단지,39149,3581,2666,3575,2666,6,208
도림주철관1공장,89307,407,694,407,694,0,36
도림주철관공업(주),42293,3622,1235,3622,1235,0,161
도림포도원,39150,367,3757,367,3757,0,137
도림포도원,39151,498,403,498,403,0,30
도원고개(도원역),36001,3587,3057,3570,3057,17,221
도원고개(동구청방향),36170,37,33,37,33,0,2
도원동행정복지센터,35180,3047,2687,3042,2687,5,191
도원동행정복지센터,36128,69,301,69,301,0,12
도원동행정복지센터(앞),35788,136,167,136,167,0,10
도원동행정복지센터(앞),35798,223,135,223,135,0,11
도원역(인천축구전용경기장),35176,7810,4827,7792,4827,18,421
도원역(인천축구전용경기장),37549,1657,3722,1656,3722,1,179
도장골삼거리,44122,0,1,0,1,0,0
도장재마을,43167,27,2,27,2,0,0
도장재마을,43225,2,33,2,33,0,1
도화1동행정복지센터,37340,11868,9831,11851,9831,17,723
도화IC,37356,25519,20067,25513,20067,6,1519
도화e편한세상604동,37578,513,73,513,73,0,19
도화e편한세상아파트,37612,276,1530,276,1530,0,60
도화e편한세상아파트,37613,4606,1979,4603,1979,3,219
도화e편한세상아파트5단지,37624,3154,1539,3154,1539,0,156
도화e편한세상아파트6단지,37626,2392,3972,2392,3972,0,212
도화동신협(구박문여고),36003,10575,4728,10574,4728,1,510
도화동신협(구박문여고),37499,5177,7473,5173,7473,4,421
도화사거리.도화역,37390,774,718,774,718,0,49
도화사거리.도화역,37392,434,1116,434,1116,0,51
도화사거리·더샵인천스카이타워,37673,7397,4125,7392,4125,5,384
도화사거리·더샵인천스카이타워,37674,2651,6787,2646,6787,5,314
도화서희스타힐스,37625,1615,2612,1615,2612,0,140
도화역,37629,6328,7489,6328,7489,0,460
도화초등학교.수봉도서관,37366,7864,6716,7862,6716,2,486
도화초등학교.수봉도서관,37367,12179,12786,12175,12786,4,832
독골사거리,42175,3130,1399,3130,1399,0,150
독배로317번길(삼거리),37634,6780,190,6780,190,0,232
독장골,43351,2,33,2,33,0,1
독장골,43846,26,0,25,0,1,0
독정역(서구동구예비군훈련장),42377,4830,5124,4826,5124,4,331
독정역(서구동구예비군훈련장),42378,10430,5996,10428,5996,2,547
독정이고개,37234,28958,20460,28899,20460,59,1647
독정이고개,37238,20154,27453,20100,27453,54,1586
돈대마을,43925,24,2,23,2,1,0
돈대마을,43926,7,14,7,14,0,0
돈대모루,43422,5,10,5,10,0,0
돈대모루,43447,15,14,14,14,1,0
돌머루(대산종점),43707,105,74,104,74,1,5
돌산밑,35320,135,20,135,20,0,5
돌산밑,35396,18,202,16,202,2,7
돌팍재삼거리,35273,665,1254,664,1254,1,63
돌팍재삼거리,35277,985,673,983,673,2,55
돌팍재한뿌리,35304,210,207,210,207,0,13
돌팍재한뿌리,35315,112,388,112,388,0,16
동강리,35245,117,86,117,86,0,6
동강리,35246,66,77,66,77,0,4
동강리,35317,27,50,27,50,0,2
동강리,35393,119,41,116,41,3,5
동검도삼거리,43223,0,49,0,49,0,1
동검도삼거리,43642,78,1,74,1,4,2
동검리마을회관입구,90069,0,11,0,11,0,0
동검리마을회관입구,90070,5,2,5,2,0,0
동검리입구,43856,6,26,6,26,0,1
동검리입구,43877,13,3,12,3,1,0
동검리종점,43889,68,37,68,37,0,3
동검상회,43226,4,0,4,0,0,0
동검상회,43519,0,3,0,3,0,0
동광리어,41083,1114,436,1114,436,0,51
동광리어,41084,595,1968,595,1968,0,85
동광제일교회,40411,440,583,440,583,0,34
동교동삼거리,22012,6954,67,6954,67,0,234
동교동삼거리,23033,169,5313,169,5313,0,182
동구선거관리위원회,36110,3468,9338,3445,9338,23,426
동구청,36011,528,554,528,554,0,36
동구청소년수련관.달동네박물관,36026,16773,15165,16677,15165,96,1064
동국제강,36068,1912,3452,1904,3452,8,178
동국제강,36074,373,162,373,162,0,17
동국제강후문,36069,176,773,176,773,0,31
동국제강후문,36070,1000,140,1000,140,0,38
동남스포피아,38226,10023,7425,10023,7425,0,581
동남스포피아,38227,9832,8326,9832,8326,0,605
동남아파트,38267,1202,6548,1202,6548,0,258
동남아파트,38268,3101,1183,3101,1183,0,142
동남아파트,70039,608,615,608,615,0,40
동남아파트(무지개아파트),38337,1087,4157,1058,4157,29,174
동녘개,90147,1,15,1,15,0,0
동녘개,90148,29,13,29,13,0,1
동녘마을입구,39660,13,750,13,750,0,25
동들머리,43705,21,8,21,8,0,0
동들머리,43885,14,48,13,48,1,2
동막교회,43499,5,69,5,69,0,2
동막교회,43514,57,6,54,6,3,2
동막역(1번출구),38039,36432,54743,36382,54743,50,3039
동막역(3번출구),38433,51566,27886,51551,27886,15,2648
동막역(4번출구),38338,9801,964,9801,964,0,358
동막초등학교,38054,943,4256,943,4256,0,173
동막해변,43408,40,108,40,108,0,4
동막해변,43511,200,66,198,66,2,8
동문아파트,42436,13634,14041,13633,14041,1,922
동방중학교,92038,489,515,489,515,0,33
동방초등학교,92037,29,234,29,234,0,8
동보2차아파트,41053,40,605,40,605,0,21
동보2차아파트,41059,818,76,818,76,0,29
동보노빌리티,35488,3182,3193,3182,3193,0,212
동보노빌리티,35489,3591,2571,3589,2571,2,205
동보아파트,39125,2850,5454,2850,5454,0,276
동보아파트,39126,5504,1868,5504,1868,0,245
동보아파트,41056,4099,613,4099,613,0,157
동보아파트,41063,1052,3749,1052,3749,0,160
동보아파트,41136,355,978,354,978,1,44
동보아파트,41143,12553,17386,12542,17386,11,997
동보아파트,70040,333,640,333,640,0,32
동보아파트후문,41129,1086,262,1081,262,5,44
동부아파트,36052,1289,2218,1272,2218,17,116
동부아파트,37192,479,455,479,455,0,31
동산고,36018,12973,4170,12957,4170,16,571
동산고등학교,36021,6081,12888,6066,12888,15,632
동산교회,36010,1758,2719,1754,2719,4,149
동산교회,36012,3052,3488,3037,3488,15,218
동산교회,90303,1,0,1,0,0,0
동산리마을회관,90302,14,10,14,10,0,0
동산리입구,90291,10,9,10,9,0,0
동산리입구,90299,3,0,3,0,0,0
동산중고등학교(재능대정문),36029,9091,1005,9091,1005,0,336
동산휴먼시아2단지,36022,2780,499,2780,499,0,109
동산휴먼시아2단지,36023,979,4378,979,4378,0,178
동서식품,40623,2673,2509,2670,2509,3,172
동서식품,40624,1897,3545,1889,3545,8,181
동성.길훈아파트,42495,3471,5523,3469,5523,2,299
동성아파트,42496,4944,2549,4943,2549,1,249
동수교회,40184,139,1107,139,1107,0,41
동수역,40108,3065,5239,3065,5239,0,276
동수역,40110,7321,5691,7321,5691,0,433
동수역,40124,1985,12203,1982,12203,3,472
동수치안센터,40188,8700,8736,8700,8736,0,581
동수치안센터,40189,11317,12188,11317,12188,0,783
동아.팬더아파트,39233,7082,9866,7082,9866,0,564
동아.팬더아파트,39236,10307,5870,10307,5870,0,539
동아2단지정문,40324,1327,389,1327,389,0,57
동아금호아파트,38344,5771,12497,5768,12497,3,608
동아금호아파트,38347,7445,2514,7439,2514,6,331
동아아파트,37248,950,1152,950,1152,0,70
동아아파트,41070,3270,1271,3260,1271,10,151
동아아파트,41072,1346,2860,1340,2860,6,140
동아아파트,41403,1237,4225,1237,4225,0,182
동아아파트,42404,3374,3963,3374,3963,0,244
동아아파트,42406,5640,3031,5640,3031,0,289
동아아파트후문,40257,2541,2643,2530,2643,11,172
동아아파트후문,40258,2438,1862,2417,1862,21,143
동아전기,42647,737,1073,736,1073,1,60
동아전기,42725,1487,1099,1483,1099,4,86
동아정밀,42037,1415,3139,1415,3139,0,151
동아풍림아파트,37037,14217,17064,14217,17064,0,1042
동암국민주택,40014,3215,722,3215,722,0,131
동암국민주택,40015,669,1947,669,1947,0,87
동암남부역,40034,38783,27531,38783,27531,0,2210
동암남부역,40797,133327,114284,133130,114284,197,8253
동암남부역,40861,648,6490,648,6490,0,237
동암남부역,40862,18007,13001,18007,13001,0,1033
동암북부역,40013,30537,15332,30477,15332,60,1528
동암북부역,40035,10355,29901,10347,29901,8,1341
동암북부역광장,40800,80941,67443,80691,67443,250,4946
동암사거리,40001,13930,15025,13927,15025,3,965
동암사거리,40003,3347,5744,3343,5744,4,303
동양도서관,41522,6595,3911,6595,3911,0,350
동양도서관(휴먼빌아파트),41523,4115,4867,4115,4867,0,299
동양엔파트4단지,42820,2350,3816,2350,3816,0,205
동양엔파트4단지,42837,3978,1936,3978,1936,0,197
동양엔파트5단지,42986,2319,3054,2319,3054,0,179
동양자이입구,41554,2514,3670,2512,3670,2,206
동양자이입구,41555,2894,2520,2894,2520,0,180
동양장사거리,37301,7561,6214,7561,6214,0,459
동양주공1.2단지,41372,10672,2649,10670,2649,2,444
동양주공1.2단지,41373,2567,7184,2567,7184,0,325
동양지구1단지정문,41521,721,1958,721,1958,0,89
동양지구입구,41445,4299,492,4299,492,0,159
동양지구입구,41446,1147,5857,1147,5857,0,233
동양하이테크,42966,20,230,20,230,0,8
동원로얄듀크마리나포레,35890,1327,555,1327,555,0,62
동원로얄듀크마리나포레,35891,311,1128,311,1128,0,47
동원아파트,25166,241,317,241,317,0,18
동원아파트,25167,440,125,440,125,0,18
동원아파트,37376,4556,1978,4556,1978,0,217
동원아파트,37379,1770,2761,1767,2761,3,151
동인천,35188,28285,34551,28285,34551,0,2094
동인천(우리은행앞),35517,924,620,902,620,22,51
동인천동행정복지센터,35795,24,309,24,309,0,11
동인천동행정복지센터,35805,71,98,71,98,0,5
동인천역,35185,103503,48893,103411,48893,92,5079
동인천역,35187,4954,10456,4951,10456,3,513
동인천역,35191,72546,90388,72447,90388,99,5431
동인천역,35192,11096,23125,11070,23125,26,1140
동인천역북광장,36136,22650,17257,22589,17257,61,1330
동인천역북광장,36137,30874,15244,30823,15244,51,1537
동인천중학교,39229,1261,779,1259,779,2,68
동인천중학교,39230,1823,1062,1812,1062,11,96
동일방직,36031,3483,3313,3469,3313,14,226
동일방직,36032,3545,2928,3536,2928,9,215
동일아파트,35177,763,1549,760,1549,3,77
동작세무서,20005,52,476,52,476,0,17
동주농장,43349,1,14,1,14,0,0
동주농장,43401,40,4,39,4,1,1
동촌,43407,104,2,100,2,4,3
동촌,43793,0,104,0,104,0,3
동춘2동행정복지센터,38045,1193,5818,1193,5818,0,233
동춘2동행정복지센터,38046,5278,741,5278,741,0,200
동춘동종점,38037,632,1090,627,1090,5,57
동춘동차고지,38569,674,929,670,929,4,53
동춘롤러경기장,38704,271,495,270,495,1,25
동춘마을아파트,38082,7116,5479,7107,5479,9,419
동춘마을아파트,38087,3460,6833,3458,6833,2,343
동춘역,38346,32675,21480,32608,21480,67,1805
동춘역(이마트),38060,13477,599,13477,599,0,469
동춘역(이마트.스퀘어원),38070,28914,37992,28911,37992,3,2230
돼지슈퍼.간동입구,80019,62,832,62,832,0,29
두두미마을,43289,13,0,13,0,0,0
두두미마을,43869,0,7,0,7,0,0
두밀경노당,89328,5,174,5,174,0,5
두밀경노당,89331,141,10,136,10,5,5
두산아파트,40564,2138,3668,2138,3668,0,193
두산위브아파트,37043,14546,8399,14545,8399,1,764
두산위브아파트,40630,11021,585,11021,585,0,386
두산위브아파트,40648,371,1309,371,1309,0,56
두운1리마을회관앞,90047,3,51,2,51,1,1
두운1리마을회관앞,90048,25,9,25,9,0,1
두운리,43034,62,91,62,91,0,5
두운리,43540,111,231,111,231,0,11
둑실경로당,41498,2,41,2,41,0,1
둑실경로당,41514,69,1,69,1,0,2
둑실동(아라마루전망대),41494,5,114,5,114,0,3
둑실동(아라마루전망대),41512,225,2,225,2,0,7
둑실동회차지,41500,101,53,101,53,0,5
둥개마을오거리,35861,33,2,33,2,0,1
둥개마을오거리,35862,0,1,0,1,0,0
둥깨마을입구(세븐일레븐),35721,42,1,41,1,1,1
둥깨마을입구(세븐일레븐),35722,0,30,0,30,0,1
둥깨마을입구(용성철강),35723,1,0,1,0,0,0
둥깨마을입구(용성철강),35724,2,88,2,88,0,3
뒤골입구,35668,22,4,22,4,0,0
뒤골입구,35669,2,10,2,10,0,0
뒷골 입구,90377,21,38,21,38,0,1
뒷골 입구,90380,30,0,30,0,0,1
뒷방죽들,39959,781,25,781,25,0,26
뒷방죽들,39960,6204,7668,6204,7668,0,462
드라이빙센터,35589,36,1750,36,1750,0,59
드림로갈산교,41342,376,58,376,58,0,14
드림로갈산교,41343,78,1042,78,1042,0,37
드림파크야생화단지,89363,3242,45,3242,45,0,109
드림파크야생화단지,89364,24,3213,23,3213,1,107
드무리해변,44011,33,513,33,513,0,18
드무리해변,44012,549,44,549,44,0,19
디에스솔텍,39035,3186,2222,3186,2222,0,180
디에스솔텍,39038,2056,2170,2056,2170,0,140
디에트로더힐,89455,4421,4905,4421,4905,0,310
디에트로더힐,89464,742,3,742,3,0,24
디에트르더힐(고산터널),89396,4475,6931,4475,6931,0,380
뗏마루어린이공원·신화아파트,39405,4467,6536,4455,6536,12,366
라마다 인천호텔,92075,239,1085,239,1085,0,44
라이크홈기숙사앞,39993,1719,1436,1719,1436,0,105
라이크홈기숙사앞,39994,2126,1601,2126,1601,0,124
라이크홈기숙사앞,39995,922,54,922,54,0,32
라이크홈기숙사앞,39996,30,517,30,517,0,18
라이프쇼핑앞,35070,6082,6076,6019,6076,63,405
라이프아파트,35060,106,5961,104,5961,2,202
라이프아파트,35062,13808,93,13733,93,75,463
"래미안아파트,파이낸셜뉴스",22905,6681,4234,6681,4234,0,363
래미안아파트파이낸셜뉴스,31072,1195,2511,1195,2511,0,123
래미안아파트파이낸셜뉴스,32002,3062,2013,3062,2013,0,169
랜드마크시티1호수변공원,38767,245,202,245,202,0,14
랜드마크시티센트럴더샵,38636,131,4384,131,4384,0,150
랜드마크시티센트럴더샵(106동),38665,1374,8626,1374,8626,0,333
랜드마크시티센트럴더샵(106동),38666,8988,1207,8980,1207,8,339
랜드마크시티센트럴더샵(203동),38645,15378,1318,15378,1318,0,556
랜드마크시티센트럴더샵(203동),38650,1316,13677,1316,13677,0,499
럭키아파트,23488,251,124,251,124,0,12
럭키아파트,38115,4726,192,4726,192,0,163
럭키아파트,38132,788,8422,788,8422,0,307
레이크파크,42840,1390,4438,1385,4438,5,194
레전드호텔,35639,1516,1462,1516,1462,0,99
레전드호텔,35640,47,369,47,369,0,13
레지던스라이크홈,92012,502,5540,502,5540,0,201
로봇랜드입구,89022,3759,70,3758,70,1,127
로봇랜드입구,89023,5,2489,5,2489,0,83
로봇타워,89301,15,486,15,486,0,16
로봇타워,89302,675,53,675,53,0,24
로얄금속,40599,5754,3682,5746,3682,8,314
로얄아파트,37247,32728,16930,32706,16930,22,1655
로얄아파트,37424,688,276,679,276,9,32
로얄타운,42047,1926,3138,1916,3138,10,168
로얄호텔,43542,3,28,3,28,0,1
로얄호텔,43878,14,18,14,18,0,1
롯데마트,35108,3259,4280,3259,4280,0,251
롯데마트,41390,682,12,682,12,0,23
롯데마트,41391,29,2550,28,2550,1,85
롯데마트,42829,19958,9756,19958,9756,0,990
롯데마트,42838,9713,21958,9713,21958,0,1055
롯데마트계양점(고용복지센터),41227,24786,16424,24739,16424,47,1373
롯데마트계양점(고용복지센터),41424,10594,18018,10585,18018,9,953
롯데마트송도점,38523,2725,693,2725,693,0,113
롯데몰.김포공항,25174,401,1420,400,1420,1,60
롯데백화점(인천터미널),37513,167664,155182,167561,155182,103,10761
롯데백화점(인천터미널),39588,159188,113951,159094,113951,94,9104
롯데슈퍼,38072,8645,3264,8643,3264,2,396
롯데슈퍼,38074,2962,7118,2951,7118,11,336
롯데슈퍼,42206,2389,4350,2388,4350,1,224
롯데슈퍼,42207,6797,2309,6795,2309,2,303
롯데아파트,38110,7406,9279,7398,9279,8,556
롯데우람아파트,42152,4572,6958,4566,6958,6,384
롯데우람아파트,42603,3399,5083,3378,5083,21,282
롯데월드타워,37327,2569,5036,2569,5036,0,253
롯데캐슬,39795,506,270,506,270,0,25
롯데캐슬,39796,2845,1276,2845,1276,0,137
롯데캐슬,39797,573,82,573,82,0,21
롯데캐슬,39798,165,623,165,623,0,26
롯데캐슬,42835,7889,6086,7887,6086,2,465
롯데캐슬,42884,4763,9478,4763,9478,0,474
롯데캐슬,42999,852,3001,852,3001,0,128
롯데캐슬.모래내시장,39309,56527,20891,56440,20891,87,2580
롯데캐슬·모래내시장·구월시장,39310,29871,53739,29849,53739,22,2787
롯데캐슬캠퍼스타운,39977,17,834,17,834,0,28
롯데캐슬캠퍼스타운,39978,2764,2636,2764,2636,0,180
롯데캐슬후문,39285,4363,4326,4355,4326,8,289
루에블리아파트,89283,2897,4406,2896,4406,1,243
루에블리아파트,89284,6110,6077,6107,6077,3,406
루원더퍼스트아파트,89107,3830,6679,3830,6679,0,350
루원더퍼스트아파트,89108,9097,1906,9095,1906,2,366
루원더퍼스트아파트105동앞,89378,173,1136,173,1136,0,43
루원숲속마을,89383,456,1422,452,1422,4,62
루원숲속마을,89384,4,493,4,493,0,16
루원시티2차리더스뷰아파트,89072,13487,13703,13474,13703,13,906
루원시티사거리,89076,1601,1224,1599,1224,2,94
루원시티사거리,89077,335,1750,334,1750,1,69
루원시티프라디움,89150,13732,3760,13728,3760,4,583
루원시티프라디움105동,89308,9454,9798,9442,9798,12,641
루원시티프라디움105동,89309,2840,6131,2840,6131,0,299
루원이편한세상하늘채(107동),42225,13098,17200,13080,17200,18,1009
루원이편한세상하늘채(112동),42721,4018,2053,4015,2053,3,202
루원이편한세상하늘채(125동),42216,5556,2726,5540,2726,16,276
루원제일풍경채정문앞,89040,3583,10906,3581,10906,2,482
루원중학교,89493,1215,312,1215,312,0,50
루원중학교,89494,33,847,33,847,0,29
루원지웰시티푸르지오,42228,8478,8424,8454,8424,24,563
루원호반베르디움,89149,4333,11761,4330,11761,3,536
루원호반베르디움104동,89368,1031,1524,1031,1524,0,85
리안월드입구,90177,41,38,41,38,0,2
리안월드입구,90178,22,22,22,22,0,1
린나이코리아,40011,3,347,3,347,0,11
린나이코리아,40012,490,0,490,0,0,16
린스트라우스,42881,7769,3296,7768,3296,1,368
린스트라우스정문,42795,6397,3861,6397,3861,0,341
린스트리우스,42831,3412,3296,3412,3296,0,223
마그네,43028,199,223,199,223,0,14
마그네다리,43158,246,206,246,206,0,15
마그네다리,43900,46,11,46,11,0,1
마그네사거리,43029,346,312,342,312,4,21
마그네사거리,43030,409,467,405,467,4,29
마니교통차고지,89496,349,136,347,136,2,16
마니산상회,43417,82,46,81,46,1,4
마니산상회,43443,40,42,40,42,0,2
마니산입구,43102,205,513,205,513,0,23
마니산입구,43103,699,291,695,291,4,33
마당개,35681,51,53,47,53,4,3
마당개,35697,76,22,75,22,1,3
마린월드,70004,913,171,902,171,11,36
마린월드,70029,11,89,1,89,10,3
마미,43747,31,29,31,29,0,2
마미,43765,7,13,7,13,0,0
마송,80131,938,4452,938,4452,0,179
마송,80132,3723,721,3723,721,0,148
마시란,35424,140,355,140,355,0,16
마시란,35425,323,70,323,70,0,13
마을금고,40528,1086,5051,1086,5051,0,204
마을회관,43314,23,1,23,1,0,0
마을회관,43773,0,16,0,16,0,0
마을회관입구,35024,388,2281,386,2281,2,88
마을회관입구,35402,1061,108,1054,108,7,38
마장공원,40286,6496,27,6472,27,24,217
마장포,35679,19,14,19,14,0,1
마장포,35699,266,58,247,58,19,10
마장포고개,35677,31,50,31,50,0,2
마장포고개,35701,59,25,59,25,0,2
마전고등학교,42752,93,7378,93,7378,0,249
마전고등학교,42753,6064,210,6064,210,0,209
마전역,42412,3286,8379,3286,8379,0,388
마전역,42413,19892,5063,19892,5063,0,831
마전주공아파트,42420,26,150,21,150,5,5
마전지구대원아파트,42481,6253,64,6253,64,0,210
마전지구대원아파트,89446,26,5440,26,5440,0,182
마전지구버스차고지,89259,4014,44,4014,44,0,135
마전지구버스차고지,89345,60,2657,60,2657,0,90
마전초등학교,42408,4861,5407,4861,5407,0,342
마포역,14001,0,528,0,528,0,17
마포역,14002,473,0,473,0,0,15
막촌,43460,424,18,403,18,21,14
막촌,43776,0,183,0,183,0,6
만석동행정복지센터,36046,3964,1512,3940,1512,24,182
만석부두,36076,485,3244,485,3244,0,124
만석부두,36079,4909,1615,4900,1615,9,217
만석비치타운,36106,637,5747,637,5747,0,212
만석비치타운,36126,1799,1673,1796,1673,3,115
만석삼거리,36185,2532,6906,2492,6906,40,314
만석삼거리,36186,969,1441,967,1441,2,80
만석주공,36057,13820,2319,13797,2319,23,537
만석초등학교,36056,555,240,549,240,6,26
만석초등학교,36187,1,57,1,57,0,1
만수1동행정복지센터,39294,12452,5289,12450,5289,2,591
만수2동행정복지센터·포레시안,39731,16566,9826,16566,9826,0,879
만수2동행정복지센터·포레시안,39735,10450,11750,10450,11750,0,740
만수3동주민센터,39425,19678,25292,19627,25292,51,1499
만수3동주민센터,39427,30983,12924,30935,12924,48,1463
만수3동주민센터,39544,486,114,476,114,10,20
만수3동주민센터,39545,70,1065,66,1065,4,37
만수4동주민센터,39452,6996,7022,6966,7022,30,467
만수4동주민센터,39454,6616,11753,6603,11753,13,612
만수6동주민센터입구,39277,4686,12743,4684,12743,2,580
만수7.8단지앞,39497,917,2170,917,2170,0,102
만수7.8단지앞,39635,2720,3313,2720,3313,0,201
만수북중학교,39468,1102,1691,1102,1691,0,93
만수북중학교,39469,2086,584,2086,584,0,89
만수북초등학교,39420,6304,4744,6291,4744,13,368
만수소방서,39428,8761,15585,8732,15585,29,811
만수소방서,39433,33902,12771,33849,12771,53,1555
만수신동아아파트·동인천고,39485,9913,9877,9359,9877,554,659
만수신동아아파트·동인천고,39578,380,21,371,21,9,13
만수역,39385,2533,55,2533,55,0,86
만수역,39388,321,17619,308,17619,13,598
만수종합시장,39451,28547,10057,28419,10057,128,1286
만수종합시장,39592,9257,22161,9204,22161,53,1047
만수주공1단지,39401,3122,3296,3122,3296,0,213
만수주공320동앞,39431,1525,1770,1525,1770,0,109
만수주공4단지,39440,7923,5376,7913,5376,10,443
만수주공4단지,39443,9984,9364,9969,9364,15,644
만수주공정문,39408,10521,8188,10496,8188,25,623
만수주공정문,39410,3168,3321,3157,3321,11,216
만수주공후문,39435,4580,10324,4567,10324,13,496
만수주공후문,39438,13458,3960,13409,3960,49,580
만수중(대토단지),39400,230,1328,230,1328,0,51
만수중학교후문,39745,88,864,88,864,0,31
만수초등학교,39303,1919,5100,1919,5100,0,233
만수초등학교,39307,723,990,720,990,3,57
만수치안센터,39455,840,510,840,510,0,45
만월종합사회복지관,92065,4,1626,3,1626,1,54
만월중학교,39962,2217,302,2217,302,0,83
만월중학교,39963,91,2613,91,2613,0,90
만의골입구,39666,99,92,99,92,0,6
만의골입구,39672,10,193,10,193,0,6
만정낚시터,35682,142,46,140,46,2,6
만정낚시터,35696,12,70,12,70,0,2
만정낚시터입구,35683,59,56,58,56,1,3
만정낚시터입구,35695,72,78,69,78,3,5
망양돈대,90224,1,34,0,34,1,1
망양돈대,90225,11,4,11,4,0,0
망월3리,43332,220,166,210,166,10,12
망월3리,43580,0,39,0,39,0,1
망월입구,43117,6,0,6,0,0,0
망월입구,43576,9,42,9,42,0,1
망월입구,43790,7,22,6,22,1,0
망월종점,43788,21,13,20,13,1,1
매음1리마을회관,90173,19,31,18,31,1,1
매음1리마을회관,90174,45,5,45,5,0,1
매음3리마을회관(민머루),90321,15,10,15,10,0,0
매음3리마을회관(민머루),90322,8,4,8,4,0,0
매제미고개,43837,21,11,21,11,0,1
매제미고개,43988,0,7,0,7,0,0
먼우금사거리,38114,6716,5166,6698,5166,18,396
먼우금초등학교,38021,3242,10631,3242,10631,0,462
메이루즈커낼파크뷰,42747,3319,9563,3317,9563,2,429
메이루즈커낼파크뷰,42762,10012,3704,10009,3704,3,457
메이루즈커낼파크뷰정문,42794,3890,4078,3890,4078,0,265
메제미,43302,158,24,155,24,3,6
메제미,43598,23,167,23,167,0,6
면사무소입구,90018,10,179,10,179,0,6
면사무소입구,90019,130,16,123,16,7,4
면허시험장,39006,2242,2047,2242,2047,0,142
명가빌라(회차),37553,2667,2235,2648,2235,19,163
명보주택앞,43979,2,15,1,15,1,0
명보주택앞,43984,34,15,33,15,1,1
명신여자고등학교,40289,17771,5039,17768,5039,3,760
명신여자고등학교,40291,5404,12041,5393,12041,11,581
명신초등학교,43394,100,6,100,6,0,3
명신초등학교,43803,5,96,5,96,0,3
명진부페,43632,24,12,23,12,1,1
명현중학교,41405,2660,7881,2660,7881,0,351
명현초등학교,41559,6060,1795,6060,1795,0,261
명현초등학교,41560,1441,4547,1441,4547,0,199
명현초등학교(효성지구대),41069,11,932,5,932,6,31
모다아울렛,89190,2300,2995,2298,2995,2,176
모래내시장,39295,15206,12771,15192,12771,14,932
모래내시장,39298,12387,11087,12372,11087,15,782
모래내시장,39344,6328,5810,6328,5810,0,404
모래내시장,39350,11509,13346,11492,13346,17,828
모래내시장역(1번출구),39338,11358,9680,11338,9680,20,701
모래내시장역(2번출구),39909,9900,12226,9888,12226,12,737
모래내시장역(3번출구),39339,35990,34169,35933,34169,57,2338
모래내시장역(4번출구),39335,2234,6522,2222,6522,12,291
모래방죽사거리,89228,1937,1195,1937,1195,0,104
모래방죽사거리,89229,3265,3455,3263,3455,2,224
모름말,90255,6,0,6,0,0,0
모름말,90311,2,12,2,12,0,0
모리부락입구,90304,9,0,9,0,0,0
모아아파트,70033,263,704,263,704,0,32
모아아파트.세종프라자,70034,582,291,582,291,0,29
모현,43659,3,305,3,305,0,10
모현,43689,269,7,267,7,2,9
목감IC진입(미정차),70226,4,0,4,0,0,0
목개마을,90153,2,12,2,12,0,0
목개마을,90154,29,12,29,12,0,1
목너머,35863,59,24,59,24,0,2
목너머,35864,19,40,19,40,0,1
목련어린이집,40824,10461,3638,10448,3638,13,469
목비고개,43032,52,180,52,180,0,7
목비고개,43272,257,112,255,112,2,12
목상교입구,41493,33,5,33,5,0,1
목상교입구,41519,3,25,3,25,0,0
목상교차로,41636,11,399,11,399,0,13
목상교차로,41637,219,2999,217,2999,2,107
목상동(새봄농원입구),41323,0,55,0,55,0,1
목상동(새봄농원입구),41324,49,15,47,15,2,2
목상동마을입구,41318,1,204,1,204,0,6
목상동마을입구,41517,146,9,146,9,0,5
목상동솔밭.이주단지입구,41316,1516,106,1514,106,2,54
목상동솔밭.이주단지입구,41317,126,1039,126,1039,0,38
목장앞,43503,1,4,1,4,0,0
목장앞,43688,3,2,3,2,0,0
목재단지,42036,496,550,496,550,0,34
목재부두사거리,42949,5,337,5,337,0,11
목재부두사거리,42960,79,32,79,32,0,3
목화빌라,37545,1,430,1,430,0,14
목화예식장,39446,15818,13730,15818,13730,0,984
목화예식장,39448,13481,19569,13447,19569,34,1101
무내미마을,39496,1279,1005,1275,1005,4,76
무내미마을,40106,194,4983,193,4983,1,172
무선내,44199,12,23,12,23,0,1
무의공영주차장,35871,39,19,39,19,0,1
무의도입구,35001,3365,266,3364,266,1,121
무의도입구,35002,475,3703,475,3703,0,139
무의도주민자치센터,35738,410,35,407,35,3,14
무의도주민자치센터,35739,54,231,54,231,0,9
무지개.한양8차아파트,40271,6597,3882,6597,3882,0,349
무지개.한양8차아파트,40276,5964,9608,5964,9608,0,519
무지개아파트,38366,3714,2741,3705,2741,9,215
무지개아파트(동남아파트),38042,6417,999,6403,999,14,247
무학리입구,90276,43,33,42,33,1,2
묵골,43498,31,11,28,11,3,1
묵골,43684,9,28,8,28,1,1
문남마을,38250,8285,5152,8285,5152,0,447
문남초등학교,38214,2409,2197,2409,2197,0,153
문남초등학교,38216,2477,3518,2477,3518,0,199
문말3거리,44084,33,0,33,0,0,1
문말삼거리,44001,305,14,305,14,0,10
문말삼거리,44002,25,260,25,260,0,9
문산교회앞,43340,17,43,13,43,4,2
문산교회앞,43589,44,27,38,27,6,2
문산리마을회관,43101,103,371,98,371,5,15
문일여고·하우스토리만수아파트,39313,1410,4175,1409,4175,1,186
문일여고·하우스토리만수아파트,39314,5701,901,5699,901,2,220
문일여자고등학교후문,39685,2505,3529,2496,3529,9,201
문학경기장(X게임장),37643,63,297,63,297,0,12
문학경기장(박태환수영장),38310,4039,2645,4036,2645,3,222
문학경기장(박태환수영장),38311,1270,4822,1262,4822,8,203
문학경기장(박태환수영장),38329,1640,1405,1640,1405,0,101
문학경기장(박태환수영장),38423,882,1663,876,1663,6,84
문학경기장(야구장),37144,7165,13069,7160,13069,5,674
문학경기장(월드컵경기장),37157,6256,10682,6248,10682,8,564
문학경로당,37087,4976,3004,4976,3004,0,266
문학경로당,37088,4376,3466,4376,3466,0,261
문학고개,37056,2802,2543,2801,2543,1,178
문학고개,37057,2750,3302,2750,3302,0,201
문학고개,37101,3663,4127,3640,4127,23,259
문학우체국,37520,4000,4710,4000,4710,0,290
문학우체국,37521,4860,3119,4860,3119,0,265
문학정보고입구,37107,4335,5719,4335,5719,0,335
문학정보고입구,37108,6290,2547,6290,2547,0,294
문학초등학교,37105,18823,8086,18762,8086,61,896
문학초등학교,37110,8335,14921,8331,14921,4,775
문현,43005,89,77,88,77,1,5
문현,43164,59,49,59,49,0,3
문현,43195,170,15,167,15,3,6
문현,43321,7,155,7,155,0,5
문화교회,40173,392,253,392,253,0,21
문화교회,40174,10244,11410,10232,11410,12,721
문화예술회관,39197,2961,5358,2950,5358,11,277
문화예술회관,39199,695,607,694,607,1,43
물류단지D블럭앞,35604,355,5,355,5,0,12
물류단지F블럭앞,35603,4,425,4,425,0,14
미관광장,38508,26,141,26,141,0,5
미관광장,38512,18,64,18,64,0,2
미단교회사거리,35664,3,4,3,4,0,0
미단교회사거리,35665,2,5,2,5,0,0
미도아파트,37446,1167,1484,1167,1484,0,88
미도아파트,41027,9620,3081,9597,3081,23,423
미도아파트,41028,3648,9271,3635,9271,13,430
미래빌라,36088,6653,889,6647,889,6,251
미래빌라,36089,1535,4889,1535,4889,0,214
미래타운1.2단지,40683,3489,19016,3489,19016,0,750
미래타운1.2단지,40684,14434,2413,14434,2413,0,561
미래타운5단지,40672,990,3567,990,3567,0,151
미래타운5단지501동,40662,6009,214,6009,214,0,207
미래타운5단지505동,40669,5416,3000,5416,3000,0,280
미래테크원,92015,2595,1071,2595,1071,0,122
미루지,43420,20,13,18,13,2,1
미루지,43522,18,15,18,15,0,1
미륭아파트,36138,3142,623,3128,623,14,125
미륭아파트,36139,803,3009,800,3009,3,127
미림극장,36008,3164,8043,3142,8043,22,373
미림극장,36009,9214,2650,9170,2650,44,395
미림극장입구,36141,301,445,292,445,9,24
미산초등학교,40378,7775,8583,7760,8583,15,545
미송초등학교,38654,15179,1332,15178,1332,1,550
미송초등학교(하행),38653,2359,8113,2359,8113,0,349
미주탕,42123,2794,11007,2791,11007,3,460
미주탕,42124,11414,5417,11398,5417,16,561
미추홀경찰서(장미아파트),37524,817,4169,817,4169,0,166
미추홀공원,38368,8495,2890,8476,2890,19,379
미추홀구청,37304,5115,3858,5114,3858,1,299
미추홀구청,37307,1064,2313,1057,2313,7,112
미추홀구청입구,37306,9386,18214,9372,18214,14,920
미추홀구청입구,37312,10019,10695,10001,10695,18,690
미추홀구평생학습관,37073,5976,6329,5976,6329,0,410
미추홀도서관·인천신월초등학교,39270,4067,8310,4065,8310,2,412
미추홀서사거리,37678,274,1176,274,1176,0,48
미추홀아파트,40250,186,509,186,509,0,23
미추홀아파트,40254,248,347,248,347,0,19
미추홀외고,39689,486,961,486,961,0,48
미추홀외고,39690,782,447,782,447,0,40
미추홀퍼스트(2단지),37220,8583,4080,8552,4080,31,422
미추홀퍼스트(2단지),37642,4194,9223,4178,9223,16,447
미추홀퍼스트2단지,37646,2680,490,2680,490,0,105
미추홀퍼스트3단지,37647,702,3363,702,3363,0,135
민머루해수욕장,90336,9,18,9,18,0,0
민방위교육장,38610,77,662,77,662,0,24
민방위교육장,38611,679,457,679,457,0,37
민방위교육장,39733,8493,2391,8493,2391,0,362
민방위교육장,39734,21,2466,21,2466,0,82
민방위교육장입구,41043,1874,5341,1866,5341,8,240
바로크아파트,42530,845,601,838,601,7,48
박공현,43228,46,13,46,13,0,1
박공현,43294,25,51,25,51,0,2
박문여자고등학교,39799,1520,147,1520,147,0,55
박문여자고등학교,39800,1065,1008,1065,1008,0,69
박문중학교,39844,724,397,724,397,0,37
박문중학교,39847,561,3358,561,3358,0,130
박문중학교정문,39860,3581,276,3580,276,1,128
박문중학교후문,39859,474,81,474,81,0,18
박물관앞,43668,17,181,17,181,0,6
박물관앞,43698,248,15,244,15,4,8
박촌마을입구,35670,163,6,163,6,0,5
박촌마을입구,35671,3,244,3,244,0,8
박촌역,41309,16129,21208,16110,21208,19,1244
박촌역,41310,16925,11047,16925,11047,0,932
반달마을.법원.검찰청,55014,1437,4111,1437,4111,0,184
반도유보라,42904,447,1385,447,1385,0,61
반도유보라,42905,2254,448,2254,448,0,90
반도유보라,42963,2383,1385,2378,1385,5,125
반도유보라,42985,3363,1240,3363,1240,0,153
반디모텔,44126,5,0,5,0,0,0
반찬단지,89426,217,137,217,137,0,11
반찬단지,89427,337,66,337,66,0,13
반포역,31034,220,2968,220,2968,0,106
반포역,31035,4542,106,4542,106,0,154
발전소삼거리,44115,69,54,67,54,2,4
발전소삼거리,44171,2,0,2,0,0,0
밝게,43990,34,4,34,4,0,1
밝게,43991,2,43,2,43,0,1
밤나무골,43022,83,110,81,110,2,6
밤나무골,43023,145,99,145,99,0,8
방개마을,90141,66,6,53,6,13,2
방개마을,90142,2,16,2,16,0,0
방아머리,62008,308,29,306,29,2,11
방아머리,62032,84,132,84,132,0,7
방아머리선착장,62007,34,359,34,359,0,13
방아머리제1주차장,62031,41,344,41,344,0,12
방아머리제1주차장,62041,462,98,462,98,0,18
방죽골,39763,2268,3100,2263,3100,5,178
방죽골,39764,852,2240,850,2240,2,103
방죽말,43027,89,94,89,94,0,6
방죽말,43214,39,153,35,153,4,6
방죽삼거리,39173,430,972,430,972,0,46
방죽삼거리,39174,620,474,619,474,1,36
방죽삼거리,42681,1724,523,1724,523,0,74
방죽삼거리,42683,992,1636,990,1636,2,87
방촌공원,40419,3398,3182,3398,3182,0,219
방축삼거리,36159,674,363,674,363,0,34
방축삼거리,36190,83,18,83,18,0,3
방파제입구,35048,2,633,2,633,0,21
방화동도시개발11단지,25026,834,65,834,65,0,29
방화중학교,25008,3631,43,3631,43,0,122
방화중학교,25009,24,838,24,838,0,28
배다리,35186,12079,19637,12073,19637,6,1057
배다리삼거리,36006,14717,8105,14700,8105,17,760
배다리삼거리,36007,7228,11157,7179,11157,49,612
배다리청과물시장,35184,4253,2977,4235,2977,18,241
배다리헌책방거리,36158,642,690,642,690,0,44
배수지입구,42774,748,3835,649,3835,99,152
백두아파트,42632,9319,6798,9296,6798,23,537
백련사입구,43419,34,294,34,294,0,10
백련사입구,43808,209,27,209,27,0,7
백련산입구,35773,2,0,2,0,0,0
백련산입구,35778,0,13,0,13,0,0
백마장입구,40389,10729,2985,10725,2985,4,457
백마장입구,40390,2414,9971,2414,9971,0,412
백마장입구,40399,18873,19483,18861,19483,12,1278
백마장입구,40407,9942,9465,9936,9465,6,646
백병원(송림패션몰),36151,453,160,452,160,1,20
백사장회센터,62033,20,114,20,114,0,4
백사장회센터,62039,183,27,183,27,0,7
백산아파트,38112,4027,4873,3991,4873,36,296
백산아파트,38113,4574,4913,4565,4913,9,316
백산아파트,38328,2050,1510,2050,1510,0,118
백석고가(하이마트),42381,4929,4751,4929,4751,0,322
백석고가(하이마트),42578,4652,3953,4652,3953,0,286
백석마을,35096,48,38,48,38,0,2
백석중.고등학교,42374,7428,3722,7427,3722,1,371
백석중.고등학교,42375,4900,7269,4899,7269,1,405
백석중사거리,89238,1846,2556,1845,2556,1,146
백석중사거리,89239,280,5214,278,5214,2,183
백승아파트,41383,84,578,84,578,0,22
백승아파트,41384,129,257,129,257,0,12
백암왕순대앞,38483,2606,2115,2606,2115,0,157
백영아파트,40058,13796,4640,13790,4640,6,614
백영아파트,41361,8400,1999,8400,1999,0,346
백운곡,43040,237,111,234,111,3,11
백운곡,43295,134,252,134,252,0,12
백운공원,40072,10,531,10,531,0,18
백운공원(부평아트센터),40075,673,4129,673,4129,0,160
백운공원(부평아트센터),40076,2862,1492,2860,1492,2,145
백운역,40079,14235,22622,14232,22622,3,1228
백운역,40080,25937,19631,25927,19631,10,1518
백운역,40081,59582,54262,59582,54262,0,3794
백운역,40716,13596,3172,13596,3172,0,558
백운역(파출소),40094,98,2039,98,2039,0,71
백운역(하행),40901,3091,9505,3091,9505,0,419
백운프라자,37181,3961,10465,3949,10465,12,480
백운프라자,37185,7657,4421,7642,4421,15,402
백조아파트,40386,254,727,254,727,0,32
백조아파트,40388,1481,727,1481,727,0,73
뱅뱅사거리,31012,3,1668,3,1668,0,55
뱅뱅사거리,32001,1838,8,1838,8,0,61
버드러지,43428,16,19,16,19,0,1
버드러지,43476,74,36,71,36,3,3
번영로제1사거리,39113,664,1544,664,1544,0,73
번영로제3사거리,39036,1100,374,1100,374,0,49
번영로제3사거리,39037,263,1331,263,1331,0,53
벌말,43175,3,50,3,50,0,1
벌말,43297,68,2,68,2,0,2
벌판마을입구,35763,21,181,20,181,1,6
벌판마을입구,35764,183,127,181,127,2,10
범양상가,42118,4163,10014,4163,10014,0,472
범양상가,42122,8796,2332,8788,2332,8,370
범양아파트,42116,8187,2678,8162,2678,25,362
범양아파트(종점),42127,120,113,120,113,0,7
범허리 종점,43973,6,0,6,0,0,0
범허리종점,43974,57,25,57,25,0,2
법원,37130,276,1981,276,1981,0,75
법원,37131,1941,1089,1941,1089,0,101
법원.검찰청,37074,8360,5896,8357,5896,3,475
법원.검찰청.복사골문화센터.반달마을,55020,4222,2027,4222,2027,0,208
법원검찰청입구,37078,3648,4559,3648,4559,0,273
베어즈베스트골프장,89268,363,1061,363,1061,0,47
베어즈베스트골프장,89269,349,2810,349,2810,0,105
베어즈베스트청라GC,89046,48,136,48,136,0,6
베어즈베스트청라GC,89047,43,208,43,208,0,8
벧엘교회,39740,125,1292,125,1292,0,47
벽산.이삭아파트,39453,18975,24997,18970,24997,5,1465
벽산1차아파트,70023,135,1802,135,1802,0,64
벽산1차아파트,70024,2427,318,2427,318,0,91
벽산아파트,39459,1683,28,1676,28,7,57
벽산아파트,39549,12,3423,8,3423,4,114
벽산아파트(미추홀도서관),39273,11864,4417,11860,4417,4,542
벽산이삭아파트,39458,19810,13164,19808,13164,2,1099
별립산입구,43588,1,152,1,152,0,5
별립산입구,43778,50,1,49,1,1,1
병무청(학익풍림아이원),37013,24,13,24,13,0,1
병무청(학익풍림아이원),37671,9,1094,9,1094,0,36
병방사거리,41301,705,3000,703,3000,2,123
병방사거리,41303,6068,2259,6064,2259,4,277
병방초등학교,41302,543,908,543,908,0,48
병방초등학교,41304,1674,1337,1674,1337,0,100
병방초등학교(계양산전통시장),41299,15405,12003,15404,12003,1,913
보건소,43318,16,11,15,11,1,0
보건소,43626,2,73,2,73,0,2
보건환경연구원,35158,1918,1733,1918,1733,0,121
보라매역.동작세무서,19013,233,8,233,8,0,8
보람프라자앞,42442,28463,17018,28456,17018,7,1516
보릿고개,43517,52,407,51,407,1,15
보릿고개,43880,292,123,292,123,0,13
보무기,90165,22,32,22,32,0,1
보무기,90166,37,15,37,15,0,1
보문사,90206,1961,1617,1927,1617,34,119
보스턴힐,89461,231,969,231,969,0,40
보스턴힐,89462,567,756,567,756,0,44
보트비,89424,27,244,27,244,0,9
보트비,89425,100,70,100,70,0,5
보훈회관,39484,4451,7804,4449,7804,2,408
복사골문화센터.한아름마을,55026,1797,3331,1797,3331,0,170
복지회관,38079,3229,1421,3229,1421,0,155
복지회관,38080,1495,4357,1491,4357,4,195
본향교회,39164,12601,2902,12596,2902,5,516
볼보트럭남인천사업소,35814,1055,1151,1054,1151,1,73
봉골,43535,35,6,35,6,0,1
봉골,43673,8,34,8,34,0,1
봉성(오상2리),43261,1,103,0,103,1,3
봉성(오상2리),43377,111,1,103,1,8,3
봉소리마을회관,43000,65,10,62,10,3,2
봉소리마을회관,90001,19,37,19,37,0,1
봉수대로501번길,89506,1035,32,1035,32,0,35
봉수대로501번길,89507,6,582,6,582,0,19
봉수초등학교,42980,1641,1453,1635,1453,6,103
봉수초등학교,42981,16,1015,16,1015,0,34
부개1동행정복지센터,40191,2605,6389,2604,6389,1,299
부개1동행정복지센터,40193,7215,4042,7184,4042,31,375
부개2동행정복지센터,40323,2940,987,2940,987,0,130
부개2파출소,40317,762,502,762,502,0,42
부개2파출소,40318,3406,8403,3376,8403,30,393
부개2파출소,40329,4649,2014,4634,2014,15,222
부개2파출소,40764,84,163,84,163,0,8
부개3동행정복지센터,40494,1420,262,1420,262,0,56
부개3동행정복지센터입구,40486,242,1222,242,1222,0,48
부개6단지후문.웅진플레이,55021,27,1769,27,1769,0,59
부개고입구,40345,3213,4661,3199,4661,14,262
부개고입구,40783,5561,2397,5542,2397,19,265
부개농협,40199,414,1931,401,1931,13,78
부개농협,40201,2235,950,2194,950,41,106
부개사거리,40923,391,2116,389,2116,2,83
부개서초등학교,40243,5417,1420,5417,1420,0,227
부개성일아파트,40293,6839,2948,6826,2948,13,326
부개성일아파트,40301,5646,9410,5628,9410,18,501
부개여자고등학교,40421,2976,1681,2975,1681,1,155
부개여자고등학교,40422,2475,2679,2468,2679,7,171
부개여자고등학교,40423,7094,5813,7093,5813,1,430
부개여자고등학교,40428,3801,5665,3801,5665,0,315
부개역,40222,1143,4806,1143,4806,0,198
부개역,40223,7253,2960,7247,2960,6,340
부개역,40256,35522,38000,35420,38000,102,2450
부개우체국,40458,8941,6962,8936,6962,5,530
부개종합시장,40504,8510,3464,8495,3464,15,399
부개주공2단지,40772,504,797,503,797,1,43
부개주공3단지,40479,2725,1177,2722,1177,3,130
부개주공3단지정문,40460,311,658,311,658,0,32
부개주공3단지후문,40500,3538,5873,3535,5873,3,313
부개주공6단지,40442,3850,2392,3850,2392,0,208
부개주공6단지,40459,3993,4061,3993,4061,0,268
부개주공7단지,40385,8747,3710,8747,3710,0,415
부개주공7단지,40387,3858,6146,3858,6146,0,333
부광여자고등학교,40471,615,1883,615,1883,0,83
부광초등학교,40434,1728,4088,1723,4088,5,193
부광초등학교,40440,5951,1896,5919,1896,32,261
부근삼거리,43586,1356,105,1352,105,4,48
부근삼거리,43652,216,912,213,912,3,37
부근삼거리,90403,0,35,0,35,0,1
부근삼거리,90404,4,3,4,3,0,0
부대아래,90106,7,10,7,10,0,0
부대아래,90107,29,1,29,1,0,1
부대앞,18392,211,5,211,5,0,7
부대앞,18397,9,85,9,85,0,3
부대앞,38594,90,409,90,409,0,16
부대앞,41321,194,432,194,432,0,20
부대앞,41322,269,1116,267,1116,2,46
부대앞,41531,51,145,51,145,0,6
부대앞,41532,94,118,94,118,0,7
부대앞,42342,435,827,435,827,0,42
부대앞,42343,191,351,191,351,0,18
부대앞,43435,56,45,56,45,0,3
부대앞,43787,105,45,105,45,0,5
부동산입구,38278,4892,4241,4892,4241,0,304
부동산입구,38743,206,621,206,621,0,27
부명고.순천향대학병원,55036,1875,6070,1875,6070,0,264
부원여중·동아아파트,40202,6203,2303,6162,2303,41,283
부원여중·동아아파트,40208,1299,4673,1290,4673,9,199
부원중학교,40181,26985,17261,26897,17261,88,1474
부원중학교,40789,12917,29929,12892,29929,25,1428
부일여자중학교,40123,15341,2379,15333,2379,8,590
부천IC,57023,2323,2656,2323,2656,0,165
부천IC,57025,3991,2334,3990,2334,1,210
부천시청역1번출구,55061,2149,585,2149,585,0,91
부천시청역2번출구.현대백화점.이마트,55054,16099,8262,16099,8262,0,812
부천시청역3번출구.경기예고.현대백화점,55057,6163,8656,6163,8656,0,493
부천시청역4번출구.현대백화점.경기예고,55059,8278,5830,8278,5830,0,470
부천시청역5번출구,55060,793,3927,793,3927,0,157
부천실내체육관,55075,975,1975,975,1975,0,98
부천오정물류단지(중),57042,515,1179,515,1179,0,56
부천오정물류단지(중),57043,678,878,678,878,0,51
부천자동차검사소,57017,855,1363,855,1363,0,73
부천자동차검사소,57041,966,1599,966,1599,0,85
부천터미널소풍,55051,2927,8356,2927,8356,0,376
부천테크노파크1.2단지,57001,1486,2298,1486,2298,0,126
부천테크노파크1단지,57003,2324,2079,2324,2079,0,146
부평2동행정복지센터,40744,233,1164,233,1164,0,46
부평4동성당,40377,3695,2617,3695,2617,0,210
부평4동성당,40922,3530,2729,3530,2729,0,208
부평6동우체국,40186,1078,413,1069,413,9,49
부평6동행정복지센터,40906,6111,287,6100,287,11,213
부평LH1(2)단지,40160,6250,7718,6227,7718,23,465
부평LH1(2)단지,40161,5107,4700,5100,4700,7,326
부평SKVIEW해모로아파트,40282,1391,1322,1391,1322,0,90
부평SKVIEW해모로아파트,40285,1355,1122,1355,1122,0,82
부평감리교회,40148,1262,457,1262,457,0,57
부평경찰서,40468,48320,17687,48312,17687,8,2200
부평경찰서,40794,14374,41058,14372,41058,2,1847
부평구보건소,40372,6181,2027,6181,2027,0,273
부평구보건소,40373,2323,6829,2323,6829,0,305
부평구보건소,40858,2098,2136,2098,2136,0,141
부평구보건소,40890,2885,3904,2885,3904,0,226
부평구자활센터,40651,17307,2020,17307,2020,0,644
부평구자활센터,40658,413,10142,413,10142,0,351
부평구청,40462,35743,28418,35741,28418,2,2138
부평구청,40482,5834,4736,5833,4736,1,352
부평구청,40484,4756,4765,4756,4765,0,317
부평구청,40492,5014,17534,5009,17534,5,751
부평구청·부평세무서,40451,29075,35914,29073,35914,2,2166
부평구청역,40841,20774,5388,20770,5388,4,872
부평기적의도서관,40497,5957,3770,5951,3770,6,324
부평기적의도서관.삼부한신아파트,40490,3355,3126,3348,3126,7,216
부평남부역,40169,3556,5416,3556,5416,0,299
부평남부역입구,40170,6579,2768,6579,2768,0,311
부평남초등학교,40141,2844,2282,2844,2282,0,170
부평남초등학교앞,40136,2455,3288,2455,3288,0,191
부평농장,39772,134,879,134,879,0,33
부평농장사무소,39483,1292,2130,1292,2130,0,114
부평농장의원입구,39494,249,379,249,379,0,20
부평도서관,40082,4569,4442,4568,4442,1,300
부평도서관,40084,2785,5221,2782,5221,3,266
부평동중,40406,2995,2821,2994,2821,1,193
부평동중,55009,3393,2462,3389,2462,4,195
부평래미안아파트,40437,2789,3715,2789,3715,0,216
부평래미안아파트,40438,5306,2304,5306,2304,0,253
부평북초등학교,40656,886,491,886,491,0,45
부평북초등학교,40657,620,2800,620,2800,0,114
부평사거리,40073,2854,6002,2852,6002,2,295
부평사거리,40074,13016,8196,13014,8196,2,707
부평사거리,40887,1586,6024,1579,6024,7,253
부평삼거리,39489,11767,9638,11761,9638,6,713
부평삼거리역,39491,3852,1893,3852,1893,0,191
부평삼거리역,40066,11053,9863,11051,9863,2,697
부평샬레아파트(세일고등학교),40260,1561,8383,1559,8383,2,331
부평샬레아파트(세일고등학교),40263,5404,2004,5403,2004,1,246
부평서중,40092,661,825,661,825,0,49
부평서중,40095,479,642,479,642,0,37
부평시장,40262,55035,29210,54987,29210,48,2808
부평시장,40264,23688,35614,23677,35614,11,1976
부평시장,40265,12833,7078,12822,7078,11,663
부평시장,40283,17527,10956,17521,10956,6,949
부평시장,40290,10409,8407,10395,8407,14,627
부평시장(가구의거리),40295,27951,25334,27878,25334,73,1776
부평시장(가구의거리),40296,30658,10035,30592,10035,66,1356
부평시장(당약국),40303,1316,1341,1316,1341,0,88
부평시장(용갈비),40344,6382,514,6382,514,0,229
부평시장(한남프라자),40259,14785,9840,14756,9840,29,820
부평시장(한라비발디),40328,6204,2549,6180,2549,24,291
부평시장(한라비발디),40336,9611,16694,9602,16694,9,876
부평시장역,40361,19073,51021,19067,51021,6,2336
부평시장역(부평대로우체국),40368,35520,15257,35498,15257,22,1692
부평시장입구,40288,4800,8693,4767,8693,33,449
부평시장입구(2번출구),40309,8709,11002,8698,11002,11,657
부평아트센터,40078,2529,1253,2529,1253,0,126
부평아트센터,40709,1235,3540,1235,3540,0,159
부평여자고등학교,40365,3912,1109,3912,1109,0,167
부평여자고등학교,40410,4849,7281,4843,7281,6,404
부평여자고등학교,40793,7866,7773,7864,7773,2,521
부평여자중학교,40342,286,529,286,529,0,27
부평여자중학교,40726,379,397,379,397,0,25
부평역,40190,10253,43469,10239,43469,14,1790
부평역,40209,39980,34276,39942,34276,38,2475
부평역,40226,25504,17003,25504,17003,0,1416
부평역,40228,37580,36107,37570,36107,10,2456
부평역,40234,16346,39537,16337,39537,9,1862
부평역,40237,13766,5527,13752,5527,14,643
부평역,40239,7862,8762,7862,8762,0,554
부평역,40927,17327,16624,17272,16624,55,1131
부평역(12번출구),40781,34705,70333,34675,70333,30,3501
부평역(27번출구),40224,36877,7228,36776,7228,101,1470
부평역(CU편의점),40192,34869,3670,34851,3670,18,1284
부평역(대한극장),40196,14715,53361,14692,53361,23,2269
부평역(로터스프라자),40246,19885,25013,19875,25013,10,1496
부평역(북인천우체국),40197,48725,31637,48699,31637,26,2678
부평역사박물관,40597,313,567,313,567,0,29
부평역사박물관,40609,1019,260,1019,260,0,42
부평역사박물관,40798,547,163,547,163,0,23
부평역화성파크드림아파트,40804,936,4020,928,4020,8,165
부평역화성파크드림아파트,40805,5280,1431,5275,1431,5,223
부평우체국,40430,4072,5377,4072,5377,0,314
부평우체국,40432,6993,4552,6992,4552,1,384
부평우체국,40443,353,219,353,219,0,19
부평윤산부인과,40478,410,405,410,405,0,27
부평윤산부인과,40768,235,1684,235,1684,0,63
부평자이,40871,119,1089,119,1089,0,40
부평정수장,40647,1727,3307,1724,3307,3,167
부평제이타워3차지식산업센터,40644,4156,2623,4152,2623,4,225
부평중앙침례교회,40481,156,925,156,925,0,36
부평중학교,40402,4311,3838,4311,3838,0,271
부평중학교,40416,3463,4467,3463,4467,0,264
부평캐슬앤더샵퍼스트,40931,601,9049,601,9049,0,321
부평코오롱아파트106동,40404,932,1007,932,1007,0,64
부평코오롱하늘채아파트,40357,633,642,633,642,0,42
부평코오롱하늘채아파트,40360,1016,780,1016,780,0,59
부평테크노타워,40615,1512,1629,1508,1629,4,104
부평테크노타워,40616,2436,3502,2427,3502,9,197
부현동초등학교,41175,10045,4081,10032,4081,13,470
부흥로터리,40412,1546,2161,1546,2161,0,123
부흥오거리(부흥아파트),40392,5576,5703,5567,5703,9,375
부흥오거리(부흥아파트),40394,6662,3895,6647,3895,15,351
부흥오거리(소망병원),40374,5434,8780,5419,8780,15,473
부흥오거리(소망병원),40375,14374,9798,14363,9798,11,805
부흥초교,40302,8039,1773,8026,1773,13,327
부흥초등학교,40299,3605,7729,3582,7729,23,377
부흥초등학교,40304,12374,6242,12374,6242,0,620
부흥초등학교·굿케어요양병원,40878,4156,5840,4156,5840,0,333
북구도서관,40469,2983,2952,2983,2952,0,197
북동삼거리,62001,428,50,428,50,0,15
북동삼거리,62002,55,523,55,523,0,19
북변환승센터.구터미널,80080,607,89,607,89,0,23
북변환승센터.구터미널,80081,1,205,1,205,0,6
북성교회,43744,43,25,41,25,2,2
북성교회,43764,16,9,15,9,1,0
북성마을,43136,150,7,149,7,1,5
북성마을,43528,31,98,30,98,1,4
북인천여자중학교,41007,6509,5355,6507,5355,2,395
북인천여자중학교,41008,5664,6969,5659,6969,5,421
북인천여자중학교,41015,770,14537,766,14537,4,510
북인천여자중학교,41016,8160,324,8128,324,32,282
북항다목적부두,89208,62,1672,62,1672,0,57
북항다목적부두,89209,1883,107,1883,107,0,66
북항배후단지입구,89343,10,572,10,572,0,19
북항배후로입구,89414,0,41,0,41,0,1
북항사업소,89210,16,1336,16,1336,0,45
북항사업소,89211,997,29,997,29,0,34
북항입구,89304,328,1852,328,1852,0,72
북항입구,89305,2126,213,2116,213,10,77
분오리어판장,43406,40,11,40,11,0,1
분오리어판장,43495,2,58,2,58,0,2
분오저수지,43493,1,19,1,19,0,0
분오저수지,43509,29,8,29,8,0,1
불로대곡동행정복지센터,42497,1167,1171,1161,1171,6,77
불로대곡동행정복지센터,42498,1220,2425,1219,2425,1,121
불로중학교,42648,335,761,335,761,0,36
불로중학교,42652,474,721,474,721,0,39
불은면주민센터,43035,714,584,703,584,11,43
불은초등학교,43293,76,5,74,5,2,2
불은초등학교,43530,5,58,5,58,0,2
불은파출소,43036,639,901,637,901,2,51
붉은노리삼거리,44112,86,116,74,116,12,6
붉은노리삼거리,44173,7,0,7,0,0,0
뷰티풀파크관리공단,42805,116,1,116,1,0,3
뷰티풀파크관리공단,42806,0,45,0,45,0,1
뷰티풀파크버스공영차고지,42803,21,1377,12,1377,9,46
뷰티풀파크버스공영차고지,42804,2203,7,2196,7,7,73
브라운스톤.엠코타운아파트,40659,14072,17998,14072,17998,0,1069
블랙트리캠핑장,44124,13,32,13,32,0,1
블랙트리캠핑장,44174,20,0,20,0,0,0
블루오션골프클럽(앰코코리아),39879,13,766,13,766,0,25
비류마을,38261,2215,1832,2215,1832,0,134
비선삼거리,43113,0,4,0,4,0,0
비선삼거리,43114,12,2,11,2,1,0
비선삼거리,43547,208,379,205,379,3,19
비선삼거리,43596,207,157,204,157,3,12
비재고개,35420,310,76,310,76,0,12
비재고개,35421,93,341,93,341,0,14
비전교회,44200,27,25,22,25,5,1
비젼교회,40171,3384,2147,3381,2147,3,184
빈정공원,42571,2347,789,2346,789,1,104
빈정공원,42670,448,928,448,928,0,45
빈정내사거리,42327,1633,3143,1633,3143,0,159
빈정내사거리,42329,901,617,901,617,0,50
사랑마을벽산.선경.삼익아파트,55030,2098,1377,2098,1377,0,115
사리울삼거리,39128,3822,5716,3820,5716,2,317
사리울삼거리,39131,4087,2691,4086,2691,1,225
사리울중학교,39838,1772,4892,1772,4892,0,222
사리울중학교,39924,6093,1520,6093,1520,0,253
사리울초등학교후문,39713,5090,773,5088,773,2,195
사슴농장,43531,109,1,101,1,8,3
사슴농장,43866,0,45,0,45,0,1
사시미재,35731,74,10,74,10,0,2
사시미재,35732,8,100,8,100,0,3
사업.행정지원센터,35607,575,2,575,2,0,19
사업.행정지원센터,35608,23,595,23,595,0,20
사우고.김포고(걸포사거리방면),80064,1,1110,1,1110,0,37
사우고.김포시청,80024,183,2439,183,2439,0,87
사우고교.김포시청(직행),80377,996,130,996,130,0,37
사우역.김포고,35246,3386,772,3386,772,0,138
사우역.김포고(김포초교방면),80380,1368,2797,1368,2797,0,138
사원아파트입구,42777,93,69,93,69,0,5
사일로벽화,35163,22,3682,22,3682,0,123
사일로벽화,35167,1324,196,1321,196,3,50
사정,90426,13,14,13,14,0,0
사조해표,42019,1626,1983,1625,1983,1,120
사조해표,42020,875,1673,875,1673,0,84
사직(해나무),43416,11,75,11,75,0,2
사직(해나무),43797,77,7,72,7,5,2
사촌,43597,116,1,113,1,3,3
사촌,43785,3,32,3,32,0,1
삭은다리한국지엠,40524,222,2772,222,2772,0,99
삭은다리한국지엠,40525,3684,1998,3683,1998,1,189
산곡3동행정복지센터,40156,3413,667,3413,667,0,136
산곡교회,40383,8099,2941,8044,2941,55,368
산곡남초등학교,40227,1243,63,1243,63,0,43
산곡동입구(롯데마트),40779,160,1533,160,1533,0,56
산곡동입구(롯데마트),40785,11854,20451,11845,20451,9,1076
산곡동주안빌딩,40313,12469,2253,12439,2253,30,490
산곡동천주교회,40473,30093,15945,30078,15945,15,1534
산곡동천주교회,40476,11501,31098,11481,31098,20,1419
산곡여자중학교,40198,7860,8169,7860,8169,0,534
산곡여자중학교,40203,2883,4951,2883,4951,0,261
산곡여자중학교,40215,47,1586,47,1586,0,54
산곡여자중학교,40216,4727,121,4727,121,0,161
산곡여자중학교(마장로삼거리),40911,916,1554,902,1554,14,82
산곡역(1번출구),40420,5523,26799,5522,26799,1,1077
산곡역(3번출구),40856,10988,5294,10977,5294,11,542
산곡역(6번출구),40429,7660,24220,7655,24220,5,1062
산곡역(7번출구),40425,60314,36358,60302,36358,12,3222
산곡중학교,40320,570,120,570,120,0,23
산곡중학교,40322,152,1145,152,1145,0,43
산곡한양7차,40354,143,9422,130,9422,13,318
산뒤,43235,18,155,18,155,0,5
산뒤,43887,136,12,132,12,4,4
산림조합앞,90234,26,40,26,40,0,2
산림조합앞,90235,27,130,26,130,1,5
산마루집,41497,9,20,9,20,0,0
산마루집,41513,39,2,38,2,1,1
산마을고등학교,43116,0,3,0,3,0,0
산마을고등학교,43599,48,3,48,3,0,1
산문입구,43107,204,155,203,155,1,11
산문입구,43286,209,263,201,263,8,15
산문입구,43899,20,1,20,1,0,0
산문종점,43154,138,164,136,164,2,10
산애들애,43143,1,7,1,7,0,0
산애들애,43492,4,0,4,0,0,0
산업단지사거리,36095,57,4135,57,4135,0,139
산업단지사거리,37460,5884,211,5881,211,3,203
산업용품센타,42524,5698,498,5696,498,2,206
산업용품센타,42525,30,2814,28,2814,2,94
산업용품유통센타23동,36096,352,1898,352,1898,0,75
산업용품유통센타31동,36097,163,1891,163,1891,0,68
산업용품유통센타39동,36099,350,2082,350,2082,0,81
산업용품유통센터,36156,575,84,575,84,0,21
산업용품유통센터1동,36146,2267,337,2267,337,0,86
산업용품유통센터39동,36157,17,8,17,8,0,0
산업용품유통센터C동,36101,1957,20,1957,20,0,65
산우리고개,43337,2,26,2,26,0,0
산우리고개,43850,34,7,34,7,0,1
산음입구,80004,2,449,2,449,0,15
산음입구,80005,129,13,127,13,2,4
산촌마을,43217,3,2,3,2,0,0
산촌마을,43308,15,19,15,19,0,1
산호아파트앞,80059,1410,184,1410,184,0,53
산화고개,43271,238,30,235,30,3,8
산화고개,43388,30,320,25,320,5,11
삼덕아파트,37403,672,845,672,845,0,50
삼덕아파트,37404,490,859,490,859,0,44
삼동암리마을회관,43169,0,13,0,13,0,0
삼동암리마을회관,43227,62,3,61,3,1,2
삼두2차아파트,36051,3777,946,3742,946,35,157
삼라마이다스아파트,89317,235,2,233,2,2,7
삼라마이다스아파트,89323,4,76,4,76,0,2
삼목사거리,35088,1,45,1,45,0,1
삼목선착장,35311,866,1909,866,1909,0,92
삼목선착장(운서역행),35077,3839,837,3839,837,0,155
삼목선착장입구,35058,3,81,3,81,0,2
삼목선착장입구,35059,5,7,5,7,0,0
삼목초등학교,35310,1673,1512,1673,1512,0,106
삼목초등학교,35341,2887,2092,2887,2092,0,165
삼미시장,25915,3323,521,3323,521,0,128
삼미시장,70172,485,3702,485,3702,0,139
삼미타운.e편한세상아파트,40172,4974,5654,4958,5654,16,354
삼보새마을금고,40796,9028,769,9028,769,0,326
삼보아파트,40298,2720,123,2720,123,0,94
삼보아파트,40308,12353,4298,12347,4298,6,555
삼보아파트,40677,7797,456,7797,456,0,275
삼보아파트,40679,468,7125,468,7125,0,253
삼보아파트,40786,5235,18642,5230,18642,5,795
삼보아파트,42350,2760,5772,2760,5772,0,284
삼보아파트,42351,6686,1890,6686,1890,0,285
삼보아파트(계양구청),41205,4563,8616,4554,8616,9,439
삼산경찰서,40584,1299,3240,1299,3240,0,151
삼산경찰서,40766,1761,2945,1761,2945,0,156
삼산고등학교(미래타운3단지),40689,12152,2324,12152,2324,0,482
삼산고등학교(미래타운4단지),40686,5170,9422,5170,9422,0,486
삼산군립어린이집,90171,11,31,11,31,0,1
삼산군립어린이집,90172,30,5,29,5,1,1
삼산글로리병원,40527,8170,6304,8168,6304,2,482
삼산농산물시장,40687,1772,4964,1772,4964,0,224
삼산동차고지,40830,180,37,180,37,0,7
삼산면사무소,90149,19,53,19,53,0,2
삼산면사무소,90150,118,64,115,64,3,6
삼산사거리,40638,5686,10318,5686,10318,0,533
삼산사거리,40690,3270,730,3270,730,0,133
삼산사거리,40691,7720,4734,7720,4734,0,415
삼산사거리,40924,330,2408,330,2408,0,91
삼산사거리(한국아파트),40646,3926,13234,3926,13234,0,572
삼산사거리.한국아파트,40645,6194,1830,6194,1830,0,267
삼산새마을금고,40668,652,9007,652,9007,0,321
삼산서해그랑블,40589,1497,2336,1497,2336,0,127
삼산서해아파트,40613,2602,944,2602,944,0,118
삼산월드체육관,40532,8371,2806,8370,2806,1,372
삼산월드체육관,40535,1680,1200,1678,1200,2,96
삼산월드체육관,40543,58,4556,58,4556,0,153
삼산월드체육관,40571,1835,2389,1835,2389,0,140
삼산월드체육관(삼산주공6단지),40802,985,2117,985,2117,0,103
삼산저수지앞,90245,21,7,21,7,0,0
삼산주공1단지,40780,1847,32,1847,32,0,62
삼산주공1단지(상가앞),40908,7070,449,7070,449,0,250
삼산주공4단지,40591,816,1864,816,1864,0,89
삼산주공7단지,40547,6991,7194,6991,7194,0,472
삼산주공7단지,40801,7431,7611,7431,7611,0,501
삼산중학교,40636,1514,903,1514,903,0,80
삼산중학교,40637,1080,1276,1080,1276,0,78
삼산체육관역(호수공원),40536,10526,3504,10526,3504,0,467
삼산체육관역(호수공원),40539,635,6555,635,6555,0,239
삼산체육관역.상동호수공원,55040,508,3454,508,3454,0,132
삼산체육관역.상동호수공원,55041,355,809,355,809,0,38
삼산체육관역.영상문화단지정문,55044,12668,3946,12668,3946,0,553
삼산타운1단지,40588,4984,7212,4984,7212,0,406
삼산타운1단지정문,40585,3131,1365,3131,1365,0,149
삼산타운1단지후문,40611,1541,698,1541,698,0,74
삼산타운1단지후문,40612,599,918,599,918,0,50
삼산타운4단지,40608,2199,597,2198,597,1,93
삼산타운6단지,40580,2448,2261,2448,2261,0,156
삼산타운7단지,40576,2218,2943,2218,2943,0,172
삼산푸른솔마을,40653,28,2574,28,2574,0,86
삼선1리마을회관,90263,0,3,0,3,0,0
삼선1리마을회관,90280,4,0,4,0,0,0
삼선1리삼거리,90262,1,11,1,11,0,0
삼선1리삼거리,90281,9,1,9,1,0,0
삼선2리마을회관,90265,0,29,0,29,0,0
삼선2리마을회관,90278,30,1,30,1,0,1
삼선2리입구,90264,0,9,0,9,0,0
삼선2리입구,90279,7,0,7,0,0,0
삼성바이오로직스,39863,11,1073,11,1073,0,36
삼성바이오로직스,39864,5466,39,5466,39,0,183
삼성바이오로직스,39920,1767,2424,1767,2424,0,139
삼성빌라(종점),37572,532,828,532,828,0,45
삼성서초역삼세무서,23396,930,1139,930,1139,0,68
삼성아파트,35140,2688,5471,2683,5471,5,271
삼성아파트,38077,5558,5997,5558,5997,0,385
삼성아파트.남인천농협,38125,6174,8049,6174,8049,0,474
삼양감속기,39085,0,1,0,1,0,0
삼양베이커,35131,8,188,8,188,0,6
삼양베이커,35571,76,10,76,10,0,2
삼양사인천1공장,42027,1123,1493,1112,1493,11,87
삼양사인천1공장,42031,2738,4060,2736,4060,2,226
삼영물류,42068,7727,596,7727,596,0,277
삼영아파트,37116,6875,2439,6831,2439,44,310
삼영아파트,37279,10360,11507,10356,11507,4,728
삼영아파트,37280,8363,5253,8355,5253,8,453
삼영아파트,42085,12039,6539,12015,6539,24,619
삼영테크,89055,1664,176,1663,176,1,61
삼영테크,89062,10,1513,10,1513,0,50
삼원페트라,39041,427,3688,427,3688,0,137
삼은교회,37111,4644,1700,4631,1700,13,211
삼익.광명아파트,39247,10241,14269,10232,14269,9,817
삼익.광명아파트,39249,17740,8339,17734,8339,6,869
삼익아파트,35136,2748,6501,2734,6501,14,308
삼익아파트.달동네박물관,36017,9460,11891,9442,11891,18,711
삼일산업,39097,2345,2274,2345,2274,0,153
삼정동중소기업협동화단지,57015,715,945,715,945,0,55
삼정동중소기업협동화단지,57040,817,675,817,675,0,49
삼정사거리,57011,678,899,678,899,0,52
삼정사거리,57012,835,516,835,516,0,45
삼정초등학교,57008,1079,848,1079,848,0,64
삼정초등학교,57009,511,952,510,952,1,48
삼정프라자,42443,18560,24732,18556,24732,4,1443
삼진금속,39040,2855,387,2855,387,0,108
삼천리1차아파트,41178,3132,2712,3112,2712,20,194
삼천리1차아파트,41179,3073,2395,3049,2395,24,182
삼천리3차아파트,41150,5698,4245,5648,4245,50,331
삼천리3차아파트,41159,5074,5629,5046,5629,28,356
삼천리기계,92017,169,486,169,486,0,21
삼천리기계,92018,195,219,195,219,0,13
삼호제강2공장,39939,163,869,163,869,0,34
삼호제강2공장,39940,753,182,753,182,0,31
삼환1단지아파트,37252,1459,2838,1459,2838,0,143
삼환아파트,38063,1959,2747,1954,2747,5,156
삼환아파트,39296,232,1602,232,1602,0,61
삼환아파트,39299,3980,2406,3977,2406,3,212
삼환아파트,39316,12147,8905,12147,8905,0,701
삼환아파트,39323,1279,3894,1279,3894,0,172
삼환아파트,39328,8337,7858,8337,7858,0,539
삼환아파트,80058,58,1796,58,1796,0,61
상1리마을회관(창말),90339,3,21,3,21,0,0
상1리마을회관(창말),90342,13,0,12,0,1,0
상2리마을회관,90337,2,10,2,10,0,0
상2리마을회관,90343,14,0,14,0,0,0
상덕현삼거리,43462,8,23,8,23,0,1
상덕현삼거리,43767,6,23,6,23,0,0
상도중학교,55025,1795,123,1795,123,0,63
상도중학교,55028,430,1610,430,1610,0,68
상동가구,55090,1709,1365,1699,1365,10,102
상동역1번출구.부천터미널소풍.홈플러스,55052,6997,21163,6995,21163,2,938
상동역4번출구.상동지하차도,55048,1596,5639,1596,5639,0,241
상동역5번출구.상동지하차도,55050,15115,2953,15111,2953,4,602
상동역8번출구세이브존,55056,10607,5421,10604,5421,3,534
상사마을,25027,88,236,88,236,0,10
상수도사업본부(스마트타운),37375,5580,8209,5572,8209,8,459
상수도사업본부(스마트타운),37380,5749,11818,5739,11818,10,585
상야동,41436,1497,1278,1497,1278,0,92
상야동,41437,1244,1641,1244,1641,0,96
상용리마을회관,90038,1,43,1,43,0,1
상용리마을회관,90039,55,0,55,0,0,1
상용진료소앞,90004,13,53,11,53,2,2
상용진료소앞,90005,71,11,68,11,3,2
상인천중학교,39537,242,151,242,151,0,13
상인천초등학교,39340,1004,469,986,469,18,49
상인천초등학교,39345,422,1084,422,1084,0,50
상정고,40069,14801,3331,14800,3331,1,604
상정고,40070,4338,16775,4338,16775,0,703
상정중학교,40059,4837,8491,4835,8491,2,444
상주(상리),90331,14,14,14,14,0,0
상주민지원센터.삼광교회,55029,1194,3912,1194,3912,0,170
상주민지원센터.삼광교회,55031,5613,588,5613,588,0,206
상촌,43152,42,10,41,10,1,1
상촌,43347,58,67,57,67,1,4
새꾸지마을,90133,32,20,31,20,1,1
새꾸지마을,90134,14,26,14,26,0,1
새마을,43471,0,12,0,12,0,0
새마을,43702,13,1,12,1,1,0
새마을금고,36053,2438,955,2431,955,7,113
새마을금고,36189,379,1618,374,1618,5,66
새마을금고,40125,868,1331,868,1331,0,73
새마을금고,40126,1931,275,1931,275,0,73
새마을금고,40131,1100,3689,1097,3689,3,159
새마을금고,40746,65,938,65,938,0,33
새말사거리,41009,5643,2732,5643,2732,0,279
새말사거리,41010,149,3463,149,3463,0,120
새말사거리,41012,1458,2971,1450,2971,8,147
새말사거리,41013,3326,2647,3316,2647,10,199
새말사거리,41638,892,1860,892,1860,0,91
새봄초등학교,38679,2640,4774,2639,4774,1,247
새봄초등학교·송도파크레인(후문),38678,5288,2166,5287,2166,1,248
새사미아파트,41582,569,444,569,444,0,33
새소망교회,40850,1895,924,1895,924,0,93
새소망교회,40917,1,393,1,393,0,13
새안의원,37255,10609,12776,10597,12776,12,779
새안의원,37256,17986,9122,17973,9122,13,903
새터마을,35033,20,294,20,294,0,10
새터마을,35362,345,25,345,25,0,12
새한아파트,37046,4588,2403,4572,2403,16,233
색동원 앞,43161,12,9,12,9,0,0
색동원 앞,43215,4,15,4,15,0,0
샘골,90406,0,7,0,7,0,0
샘골,90407,12,1,10,1,2,0
샘내들교,89518,61,377,61,377,0,14
샘내들교,89519,182,1022,180,1022,2,40
샘말,43444,0,17,0,17,0,0
샘말,43782,63,18,51,18,12,2
샛말,43994,26,15,26,15,0,1
샛말,43995,15,25,15,25,0,1
생산기술연구원,38354,252,994,252,994,0,41
생설미,43746,457,325,437,325,20,26
생설미입구,43125,6,14,6,14,0,0
생설미입구,43607,31,3,31,3,0,1
생설미입구,43608,0,57,0,57,0,1
샬롬원입구,90293,8,17,8,17,0,0
샬롬원입구,90297,6,0,6,0,0,0
서곶지구대,42338,10747,7247,10747,7247,0,599
서곶지구대,42339,9958,8524,9958,8524,0,616
서교동,23037,253,4329,253,4329,0,152
서교동,23038,12024,299,12024,299,0,410
서구국민체육센터,42776,622,3532,622,3532,0,138
서구문화회관,42212,1681,1877,1675,1877,6,118
서구문화회관,42213,3175,880,3125,880,50,135
서구보건소,42283,4927,3763,4927,3763,0,289
서구보건소,42285,3728,4518,3728,4518,0,274
서구영어마을,42448,7818,6430,7818,6430,0,474
서구영어마을,42449,5238,8809,5238,8809,0,468
서구청역(1번출구),42289,3989,4213,3987,4213,2,273
서구청역(3번출구),42284,1359,788,1353,788,6,71
서구청역(4번출구),42296,2027,2498,2020,2498,7,150
서남촌,43151,3,7,3,7,0,0
서남촌,43640,10,12,10,12,0,0
서당골,35676,55,53,55,53,0,3
서당골,35702,53,45,53,45,0,3
서두머리,43212,33,7,33,7,0,1
서두머리,43336,0,12,0,12,0,0
서림초등학교,36036,8,858,8,858,0,28
서림초등학교,36047,15048,1701,15048,1701,0,558
서릿목,35418,160,544,159,544,1,23
서릿목,35419,536,144,535,144,1,22
서면초등학교,38384,1982,1439,1972,1439,10,114
서문안,43385,23,158,23,158,0,6
서문안,43584,241,11,232,11,9,8
서문안주유소,43965,129,11,123,11,6,4
서문안주유소,43966,9,206,9,206,0,7
서부경찰서,42286,593,841,593,841,0,47
서부공단입구,42299,5168,4510,5168,4510,0,322
서부공단입구,42301,6561,1471,6561,1471,0,267
서부산업단지,89035,60,50,60,50,0,3
서부산업단지,89036,48,259,48,259,0,10
서사체험학습장,43487,18,8,18,8,0,0
서사체험학습장,43712,20,13,20,13,0,1
서성,43234,4,107,4,107,0,3
서성,43362,236,8,231,8,5,8
서운교,41114,831,4703,831,4703,0,184
서운교,41115,4442,337,4442,337,0,159
서운도서관,41099,1635,269,1635,269,0,63
서운도서관,41102,231,2042,231,2042,0,75
서운도서관,41668,81,2189,79,2189,2,75
서운동,41356,6504,658,6494,658,10,238
서운동성당,41207,1593,1756,1593,1756,0,111
서운일반산업단지,41660,2082,29,2061,29,21,70
서운일반산업단지(맞은편),41661,42,2568,37,2568,5,87
서운일반산업단지입구,41646,616,3822,614,3822,2,147
서운일반산업단지입구(맞은편),41647,1143,1349,1143,1349,0,83
서운중고등학교,41109,294,745,294,745,0,34
서운중고등학교,41111,802,516,802,516,0,43
서울경금속,39039,257,2831,257,2831,0,102
서울방화초등학교,25028,57,11,57,11,0,2
서울역,11013,17263,12106,17263,12106,0,978
서원아파트,37095,1553,1233,1553,1233,0,92
서인천가구단지,42017,1146,3333,1146,3333,0,149
서인천가구단지,42028,3708,3207,3696,3207,12,230
서인천가구단지,42800,771,73,771,73,0,28
서인천고등학교,42346,3728,4774,3728,4774,0,283
서인천농협,42275,1522,542,1521,542,1,68
서인천농협,42277,180,1115,180,1115,0,43
서인천세무서,89044,330,89,329,89,1,13
서인천세무서,89481,162,102,162,102,0,8
서인천세무서(중),89275,2137,2722,2137,2722,0,161
서인천세무서(중),89276,1178,2439,1178,2439,0,120
서인천자동차검사소,42640,498,3114,498,3114,0,120
서인천자동차검사소,42641,3946,325,3946,325,0,142
서창119안전센터,39900,11541,3642,11541,3642,0,506
서창119안전센터,39899,5695,10676,5695,10676,0,545
서창LH1단지아파트,92067,5890,419,5890,419,0,210
서창LH1단지아파트,92068,944,4341,944,4341,0,176
서창공영차고지,39871,9570,130,9569,130,1,323
서창공영차고지,39872,312,5808,312,5808,0,204
서창도서관,39893,1198,1764,1198,1764,0,98
서창도서관,39894,1902,1127,1902,1127,0,100
서창도서관입구,39956,187,1877,187,1877,0,68
서창도서관입구,39957,2868,888,2868,888,0,125
서창동화원,39619,312,1112,312,1112,0,47
서창동화원,39620,795,479,795,479,0,42
서창베라체아파트후문,39895,414,120,414,120,0,17
서창베라체아파트후문,39896,22,570,22,570,0,19
서창센트라스아파트후문,39916,6912,779,6912,779,0,256
서창센트라스아파트후문,39917,1309,4342,1309,4342,0,188
서창센트럴푸르지오,39811,3617,291,3617,291,0,130
서창센트럴푸르지오,39812,337,3253,337,3253,0,119
서창센트럴푸르지오,39903,13777,7632,13776,7632,1,713
서창센트럴푸르지오,39904,13093,13365,13093,13365,0,881
서창이편한세상1002동,39905,13556,8144,13556,8144,0,723
서창이편한세상1002동,39906,7874,14024,7874,14024,0,729
서창이편한세상정문,39854,670,13614,670,13614,0,476
서창이편한세상정문,39855,14375,477,14375,477,0,495
서창퍼스트뷰후문,39777,12767,3188,12767,3188,0,531
서창퍼스트뷰후문맞은편,39778,1825,11383,1825,11383,0,440
서창휴먼시아12단지,39897,2600,136,2600,136,0,91
서창휴먼시아12단지,39898,369,1921,369,1921,0,76
서초구청,22129,456,42,456,42,0,16
서초동삼성아파트,22140,22,151,22,151,0,5
서초아트자이아파트,31050,4321,11688,4321,11688,0,533
서초역1번출구,31007,10314,24453,10314,24453,0,1158
서초힐스아파트,22286,547,1827,547,1827,0,79
서한리구마을회관,90294,14,13,14,13,0,0
서한리구마을회관,90296,12,3,12,3,0,0
서한리마을회관,90295,44,44,43,44,1,2
서한리입구,90292,2,8,2,8,0,0
서한리입구,90298,6,0,6,0,0,0
서해5도특별경비단,35098,1432,142,1425,142,7,52
서해5도특별경비단,35884,41,1395,40,1395,1,47
서해그랑블,40828,2324,159,2324,159,0,82
서해그랑블,42789,3222,7621,3222,7621,0,361
서해그랑블,42790,6113,2457,6113,2457,0,285
서해그랑블,42912,4276,892,4275,892,1,172
서해그랑블1단지아파트,38604,1204,26,1204,26,0,41
서해그랑블1단지아파트,38605,37,792,37,792,0,27
서해그랑블3단지아파트,38725,729,56,729,56,0,26
서해그랑블3단지아파트,38726,25,636,25,636,0,22
서해그랑블아파트후문,39973,2168,2522,2168,2522,0,156
서해그랑블아파트후문,39974,3392,2924,3392,2924,0,210
서해그랑블후문,40610,130,1101,130,1101,0,41
서해수산연구소,35007,120,4,120,4,0,4
서해수산연구소,35008,11,306,11,306,0,10
서해아파트,38164,3190,1689,3190,1689,0,162
서해아파트,38169,2469,2564,2469,2564,0,167
서해아파트,41181,1626,2249,1626,2249,0,129
서해아파트,41182,2788,1423,2788,1423,0,140
서해아파트,42354,3848,9437,3848,9437,0,442
서해아파트,42355,16241,3589,16241,3589,0,661
서홍의입구,43446,0,7,0,7,0,0
서홍의입구,43796,22,4,22,4,0,0
서화초등학교(도화e편한세상),37438,15756,8063,15732,8063,24,793
서화초등학교(도화e편한세상),37623,10379,12018,10366,12018,13,746
서흥초등학교,36071,7549,3560,7535,3560,14,370
서흥초등학교,36116,789,479,789,479,0,42
서흥초등학교,36117,303,2281,303,2281,0,86
석건연립,37051,1939,8028,1939,8028,0,332
석남고가교입구사거리,42655,23733,9005,23733,9005,0,1091
석남고가사거리,42145,21180,17833,21156,17833,24,1300
석남고가사거리,42151,29646,21964,29631,21964,15,1720
석남금호어울림아파트101동,42656,4629,9208,4629,9208,0,461
석남도서관,42182,886,2307,882,2307,4,106
석남서초등학교,42108,5571,3086,5568,3086,3,288
석남신사거리,42149,2134,1627,2126,1627,8,125
석남신사거리,42150,2064,2822,2061,2822,3,162
석남역(5번출구),42577,21682,45497,21677,45497,5,2239
석남중앙교회,42138,3067,2171,3058,2171,9,174
석남중학교,42126,7282,5846,7263,5846,19,437
석남중학교,42128,6745,6802,6718,6802,27,451
석남초등학교,42165,10696,3264,10615,3264,81,465
석남초등학교,42167,3060,8607,3056,8607,4,388
석락아파트,37241,10933,8766,10914,8766,19,656
석락아파트,37244,2006,3850,2006,3850,0,195
석모1리마을회관,90145,59,8,59,8,0,2
석모1리마을회관,90146,8,34,8,34,0,1
석모대교(석모리방향),90137,7,20,7,20,0,0
석모대교(석모리방향),90138,42,14,42,14,0,1
석모대교(석포리방향),90139,29,8,29,8,0,1
석모대교(석포리방향),90140,16,94,16,94,0,3
석모대교(외포리방향),90121,2,84,2,84,0,2
석모대교(외포리방향),90122,46,5,46,5,0,1
석모대교전망대,90249,2,8,2,8,0,0
석모대교전망대,90250,3,8,3,8,0,0
석모도미네랄온천,90163,69,37,69,37,0,3
석모도미네랄온천,90164,9,48,9,48,0,1
석모도수목원입구(삼산초등학교),90143,11,54,10,54,1,2
석모도수목원입구(삼산초등학교),90144,86,34,85,34,1,4
석모도자연휴양림입구,90151,5,7,5,7,0,0
석모도자연휴양림입구,90152,17,13,17,13,0,1
석바위,37365,23376,20168,23345,20168,31,1451
석바위,37370,54979,41949,54936,41949,43,3230
석바위시장,37378,2560,6296,2551,6296,9,295
석바위시장,37381,24436,25745,24397,25745,39,1672
석바위시장,37382,22691,20055,22668,20055,23,1424
석바위시장,37384,5267,4004,5264,4004,3,309
석바위시장,37544,3230,4300,3212,4300,18,251
석바위시장역,37373,5060,5840,5043,5840,17,363
석바위시장역,37374,4144,4768,4126,4768,18,297
석산,43375,0,68,0,68,0,2
석산,43833,39,1,39,1,0,1
석산로,92051,1043,445,1024,445,19,49
석산로,92052,437,569,436,569,1,33
석암초등학교,37412,4260,4293,4242,4293,18,285
석암초등학교앞,37407,15370,9374,15315,9374,55,824
석정여자고등학교,39416,1658,267,1658,267,0,64
석정여자고등학교,39418,112,1858,112,1858,0,65
석조여래입상앞,43663,0,33,0,33,0,1
석조여래입상앞,43692,64,2,64,2,0,2
석천사거리,39308,779,891,779,891,0,55
석천사거리역,39317,4122,7338,4118,7338,4,382
석천사거리역,39320,3088,3317,3075,3317,13,213
석천시장,39502,783,4251,783,4251,0,167
석포리마을회관,90191,43,3,43,3,0,1
석포리마을회관,90192,3,23,3,23,0,0
석포항,90203,26,42,22,42,4,2
선경그린빌라,42307,2231,1601,2231,1601,0,127
선경그린빌라,42541,124,769,124,769,0,29
선경아파트,40238,6809,1855,6809,1855,0,288
선광,38542,1,229,1,229,0,7
선광,38543,241,7,241,7,0,8
선녀바위유원지,35004,902,41,902,41,0,31
선녀바위유원지,35006,131,795,131,795,0,30
선녀바위해수욕장,35484,1487,145,1487,145,0,54
선녀바위해수욕장,35485,248,1359,248,1359,0,53
선동,43248,0,25,0,25,0,0
선동,43886,74,0,72,0,2,2
선두1리,43009,331,92,331,92,0,14
선두1리,43099,42,209,40,209,2,8
선두4리마을회관,43242,19,6,18,6,1,0
선두4리마을회관,43644,5,21,5,21,0,0
선두5리어판장입구,90131,10,34,10,34,0,1
선두5리어판장입구,90132,36,8,35,8,1,1
선릉역,23218,3107,3,3107,3,0,103
선릉역,23259,56,4736,56,4736,0,159
선린감리교회,40043,4014,2143,4010,2143,4,205
선린감리교회,40047,4579,6211,4573,6211,6,359
선바위역,66002,1224,37956,1224,37956,0,1306
선바위역2번출구(광역),66001,20929,706,20929,706,0,721
선수,43433,1,10,0,10,1,0
선수,43483,31,12,30,12,1,1
선수여객선착장,43429,266,220,258,220,8,16
선수여객선착장,43479,7,56,7,56,0,2
선수촌사거리,39889,245,766,244,766,1,33
선수촌사거리,39890,352,365,347,365,5,23
선원면사무소앞,90067,0,26,0,26,0,0
선원면사무소앞,90068,9,7,9,7,0,0
선원면주민센터,43042,206,514,205,514,1,24
선원면주민센터,43070,520,175,513,175,7,23
선원사,43742,24,10,22,10,2,1
선원사초입,43307,13,3,11,3,2,0
선원사초입,43756,3,5,3,5,0,0
선원초등학교,43044,69,185,69,185,0,8
선원초등학교,43045,222,57,216,57,6,9
선유고등학교,28017,12024,724,12024,724,0,424
선유고등학교,28018,780,13427,780,13427,0,473
선재대교,44085,8,1,8,1,0,0
선재대교,44175,0,3,0,3,0,0
선재대교입구,44005,37,563,37,563,0,20
선재대교입구,44006,655,76,655,76,0,24
선재바다낚시터,44146,3,0,3,0,0,0
선재바다낚시터,44176,0,1,0,1,0,0
선주삼거리,41481,10,84,10,84,0,3
선주삼거리,41502,1,1,1,1,0,0
선주지교회,41482,26,36,26,36,0,2
선주지교회,41503,3,1,3,1,0,0
선주지다리,41480,2,52,2,52,0,1
선주지다리,41501,1,4,1,4,0,0
선주지회차지,41483,36,56,35,56,1,3
선학동행정복지센터.정광아파트,38297,1605,1203,1597,1203,8,93
선학사거리,38295,1354,4072,1353,4072,1,180
선학아파트,38232,6557,1761,6557,1761,0,277
선학아파트,38343,3451,10665,3447,10665,4,470
선학어린이집,38300,2054,2220,2026,2220,28,142
선학역,38305,32225,15253,32223,15253,2,1582
선학역(1번출구),38306,20533,24898,20514,24898,19,1514
선학중학교,38283,993,949,981,949,12,64
선학체육관(하키경기장),38308,3175,2149,3171,2149,4,177
선학체육관(하키경기장),38309,2837,4427,2837,4427,0,242
선행리입구,43908,282,280,279,280,3,18
선행리입구,43909,40,1,40,1,0,1
설호아파트,43378,23,85,23,85,0,3
설호아파트,43618,119,65,116,65,3,6
성강지식산업센터,39837,573,682,573,682,0,41
성경,43603,162,19,161,19,1,6
성경,43771,26,151,26,151,0,5
성리중학교,39969,42,31,42,31,0,2
성리중학교,39979,1,178,1,178,0,5
성리초등학교,39200,20996,19826,20975,19826,21,1360
성리초등학교,39201,9515,15933,9501,15933,14,848
성문교회,39462,450,3,450,3,0,15
성문아파트,39591,3927,1578,3927,1578,0,183
성문아파트(문화연립),39257,3299,3863,3299,3863,0,238
성민병원,42159,15371,14695,15319,14695,52,1002
성민병원,42162,14049,16823,14029,16823,20,1029
성보공업,42007,2173,2569,2165,2569,8,158
성산교회,40572,1018,6038,1018,6038,0,235
성신아크릴산업,89313,159,5,149,5,10,5
성신아크릴산업,89327,2,143,2,143,0,4
성웅아파트,42048,4178,2880,4177,2880,1,235
성웅아파트,42051,4022,2851,4019,2851,3,229
성원기계,92016,1232,1722,1232,1722,0,98
성원빌딩.우편취급국,37425,11055,6435,11055,6435,0,583
성원아파트,70022,2375,6,2375,6,0,79
성일산업,39787,829,1504,829,1504,0,77
성일산업,39788,1050,727,1050,727,0,59
성일아파트후문앞,40311,824,557,823,557,1,46
성지아파트,38017,23252,38357,23247,38357,5,2053
성지아파트,41025,5288,3683,5288,3683,0,299
성지초등학교,41033,2053,3378,2025,3378,28,181
성지초등학교,41034,2520,1600,2510,1600,10,137
성터지,43038,263,123,262,123,1,12
성터지,43039,87,262,87,262,0,11
성호아파트,38204,11756,11246,11755,11246,1,766
세광2차아파트,43758,2156,638,2122,638,34,93
세광2차아파트,43857,430,1663,427,1663,3,69
세광아파트,43049,1134,2214,1128,2214,6,111
세광아파트,43050,2515,823,2501,823,14,111
세농푸드,41510,44,0,41,0,3,1
세우산업,39094,2112,4370,2112,4370,0,216
세월천사거리,40489,2446,8945,2446,8945,0,379
세일빌라.인천산림조합,39158,2658,1319,2655,1319,3,132
세일빌라.인천산림조합,39159,4883,4108,4879,4108,4,299
세현정공,39033,1020,1838,1020,1838,0,95
세화파렛텍,90216,57,41,57,41,0,3
센타빌딩,39902,11999,14055,11999,14055,0,868
센트럴공원,38490,1077,3650,1077,3650,0,157
센트럴파크1,38463,570,154,570,154,0,24
센트럴파크2,38464,396,397,396,397,0,26
센트럴파크역,38397,9224,1553,9224,1553,0,359
센트럴파크역,38574,975,2566,973,2566,2,118
센트럴파크푸르지오아파트,38544,2081,1299,2079,1299,2,112
센트럴파크푸르지오아파트,38545,1193,1916,1191,1916,2,103
센트럴푸르지오501동앞,92071,1601,380,1601,380,0,66
셀트리온(주),38319,201,380,201,380,0,19
셀트리온(주)앞,38513,395,407,395,407,0,26
셀트리온2공장앞,38474,1038,803,1038,803,0,61
셀트리온2공장앞,38475,1916,785,1916,785,0,90
소게,43185,7,85,7,85,0,3
소게,43243,88,15,83,15,5,3
소구월사거리,39266,5306,12049,5290,12049,16,578
소구월사거리,39268,4646,3759,4613,3759,33,280
소나무,43396,57,1,55,1,2,1
소나무,43805,0,47,0,47,0,1
소담(장미)마을입구,90236,0,6,0,6,0,0
소담(장미)마을입구,90237,3,3,3,3,0,0
소동,43412,116,3,116,3,0,3
소동,43829,4,208,4,208,0,7
소똑골 입구,90424,14,11,14,11,0,0
소래도서관,39829,23,388,15,388,8,13
소래산등산로입구,39770,2,47,2,47,0,1
소래산등산로입구,39771,23,4,23,4,0,0
소래산입구,39668,6,655,6,655,0,22
소래산입구,39670,1227,13,1227,13,0,41
소래역사관,39816,206,1356,206,1356,0,52
소래역사관,39817,3054,175,3040,175,14,107
소래초등학교,39615,285,331,285,331,0,20
소래포구,39815,851,103,848,103,3,31
소래포구,39818,119,2905,118,2905,1,100
소래포구 해오름광장,92074,128,1327,128,1327,0,48
소래포구역,39647,3482,1512,3482,1512,0,166
소래포구역,39648,2552,5533,2550,5533,2,269
소래포구역,39710,1557,42,1544,42,13,53
소래포구역앞,92063,2327,1056,2327,1056,0,112
소래포구역종점,39793,1427,2661,1360,2661,67,136
소래포구입구,70009,881,178,872,178,9,35
소래포구입구(논현푸르지오A),39109,374,991,374,991,0,45
소래포구입구(논현푸르지오A),39114,293,202,293,202,0,16
소래풍림아파트,39122,2693,761,2671,761,22,115
소리공원(하모니로),38721,677,818,677,818,0,49
소리공원(하모니로),38722,243,340,243,340,0,19
소망탑빌라,40116,12,352,12,352,0,12
소방대앞,90022,10,57,10,57,0,2
소방대앞,90023,198,22,191,22,7,7
소산서원,70011,197,961,197,961,0,38
소산서원,70012,389,429,389,429,0,27
소장전,43996,7,24,7,24,0,1
소장전,43997,8,3,8,3,0,0
소촌마을,41662,189,17,189,17,0,6
속아지,43344,26,1,24,1,2,0
속아지,43848,0,32,0,32,0,1
솔밭마을,38193,940,330,940,330,0,42
솔빛마을,36034,8931,9489,8908,9489,23,614
솔빛마을,36037,6222,6293,6218,6293,4,417
솔빛마을주공아파트,36049,10213,6871,10210,6871,3,569
솔빛마을주공아파트,36050,9616,12348,9606,12348,10,732
솔빛주공2단지,36045,1042,805,1037,805,5,61
솔안공원,38348,11673,6816,11659,6816,14,616
솔정,43526,21,3,16,3,5,0
솔정,43871,4,14,4,14,0,0
솔정1리마을회관,90085,0,4,0,4,0,0
솔정1리마을회관,90086,2,0,2,0,0,0
솔정마을,43129,63,9,59,9,4,2
솔정마을,43811,5,1,4,1,1,0
솔정마을,43872,27,62,27,62,0,2
솔정마을,90108,0,8,0,8,0,0
솔정정미소,43130,24,33,24,33,0,1
솔정정미소,43134,29,14,29,14,0,1
솔터마을입구,80327,1027,408,1027,408,0,47
솔터마을입구,80336,1212,1063,1212,1063,0,75
솔펜션,44177,8,2,8,2,0,0
송곡촌,43439,14,29,14,29,0,1
송곡촌,43815,61,31,61,31,0,3
송내고교입구,11014,71,393,71,393,0,15
송내고교입구,11015,746,123,746,123,0,28
송내고등학교,40219,2324,2784,2310,2784,14,170
송내남부역,40761,43,1256,43,1256,0,43
송내역,56005,107748,108008,107677,108008,71,7191
송내역.로데오거리,55267,4997,25911,4997,25911,0,1030
송내역.영화의거리,55263,23154,7134,23152,7134,2,1009
송내역남부,56002,154944,132887,154944,132887,0,9594
송담초등학교,38667,2315,562,2315,562,0,95
송담초등학교,38668,398,2172,398,2172,0,85
송도1동행정복지센터,38012,5520,12955,5510,12955,10,615
송도2동행정복지센터,38492,5511,3006,5500,3006,11,283
송도2동행정복지센터,38588,1330,2308,1330,2308,0,121
송도MTB파크,38746,190,244,190,244,0,14
송도SK뷰(101동),38635,1702,905,1702,905,0,86
송도SK뷰(105동),38632,211,680,211,680,0,29
송도SK뷰(105동),38633,1096,179,1096,179,0,42
송도sk뷰,38707,971,3804,968,3804,3,159
송도sk뷰,38708,750,1662,749,1662,1,80
송도고입구,38215,3687,2595,3683,2595,4,209
송도고입구,38221,1474,938,1470,938,4,80
송도공영차고지,38472,451,241,451,241,0,23
송도국제교입구,38597,302,0,302,0,0,10
송도국제도시디에트르시그니처뷰,38771,2952,1677,2951,1677,1,154
송도글로벌캠퍼스푸르지오아파트,38711,743,644,743,644,0,46
송도누리공원,38663,4049,4069,4045,4069,4,270
송도누리공원,38664,1008,3644,1008,3644,0,155
송도달빛축제공원,38776,325,355,325,355,0,22
송도달빛축제공원역,38696,19577,3867,19570,3867,7,781
송도달빛축제공원역,38697,2927,16113,2927,16113,0,634
송도더샵그린스퀘어,39843,3478,1583,3477,1583,1,168
송도더샵그린워크,38526,1139,279,1139,279,0,47
송도더샵그린워크2차,38493,2365,3417,2363,3417,2,192
송도더샵마스터뷰21단지,38578,5983,894,5983,894,0,229
송도더샵마스터뷰22단지,38693,718,462,718,462,0,39
송도더샵마스터뷰22단지(2202동),38698,273,488,273,488,0,25
송도더샵마스터뷰22단지(2202동),38712,401,1277,401,1277,0,55
송도더샵마스터뷰22단지(정문),38694,344,1231,344,1231,0,52
송도더샵마스터뷰22단지(하행),38695,332,581,332,581,0,30
송도더샵마스터뷰23단지,38441,3254,3218,3248,3218,6,215
송도더샵마스터뷰23단지,38442,555,6021,554,6021,1,219
송도더샵마스터뷰23단지(정문),38692,1671,321,1671,321,0,66
송도더샵센트럴시티,39842,2373,3376,2364,3376,9,191
송도더샵센트럴시티.글로벌캠퍼스푸르지오,38647,5403,1144,5403,1144,0,218
송도더샵퍼스트월드,38589,1150,1474,1150,1474,0,87
송도더샵퍼스트월드(동문),38013,17159,6977,17156,6977,3,804
송도더샵퍼스트월드(서문),38381,3747,1463,3741,1463,6,173
송도더샵퍼스트월드B동.C동,38425,3983,2439,3983,2439,0,214
송도더샵퍼스트월드D동,38009,1871,1989,1870,1989,1,128
송도더샵퍼스트파크14단지,38560,542,3676,536,3676,6,140
송도더샵퍼스트파크14단지,38577,2858,341,2858,341,0,106
송도더샵퍼스트파크15단지,38559,202,1011,201,1011,1,40
송도더샵퍼스트파크15단지,38576,887,153,887,153,0,34
송도더샵하버뷰2차,38467,2542,12889,2529,12889,13,514
송도동일하이빌파크포레아파트,38680,2855,1102,2848,1102,7,131
송도라마다호텔앞,38065,2314,5028,2308,5028,6,244
송도라마다호텔앞,38067,12071,8420,12054,8420,17,683
송도랜드마크시티13호근린공원,38738,558,2725,558,2725,0,109
송도랜드마크시티13호근린공원,38739,1996,538,1996,538,0,84
송도랜드마크푸르지오시티,38747,1053,1984,1053,1984,0,101
송도베르디움더퍼스트후문,39985,1453,4924,1453,4924,0,212
송도세브란스병원,38651,19,769,19,769,0,26
송도센트럴파크,38452,2899,6064,2899,6064,0,298
송도센트럴파크역,38563,2020,1006,2011,1006,9,100
송도소방서(송도스마트밸리),39801,1625,2787,1625,2787,0,147
송도스마트밸리,39802,4441,1631,4441,1631,0,202
송도스포츠센터(LNG야구장),39721,382,417,382,417,0,26
송도아트윈푸르지오,38549,669,554,656,554,13,40
송도아트윈푸르지오,38562,5,376,5,376,0,12
송도에듀포레푸르지오,39921,1583,3074,1583,3074,0,155
송도에듀포레푸르지오후문,39986,5416,982,5416,982,0,213
송도역,38213,2472,1922,2472,1922,0,146
송도역,38505,8323,16299,8318,16299,5,820
송도역,38669,943,1441,943,1441,0,79
송도영남아파트,38224,8493,6630,8493,6630,0,504
송도오션파크베르디움,38642,1121,17839,1118,17839,3,632
송도요양원,38144,1673,2435,1673,2435,0,136
송도유원지(도로교통공단),38081,11167,12268,11131,12268,36,781
송도유원지(도로교통공단),38088,18669,7392,18611,7392,58,868
송도자이하버뷰,38521,3075,1958,3075,1958,0,167
송도자이하버뷰1단지,38468,16729,2451,16723,2451,6,639
송도자이하버뷰2단지(202동),38488,1805,3542,1787,3542,18,178
송도자이하버뷰2단지(205동),38455,582,517,582,517,0,36
송도자이하버뷰2단지(정문),38465,2834,1856,2828,1856,6,156
송도자이하버뷰2단지(정문),38498,2096,1952,2095,1952,1,134
송도재래시장,38207,6199,7923,6190,7923,9,470
송도재래시장,38210,8797,7778,8780,7778,17,552
송도재래시장,38220,6458,2342,6458,2342,0,293
송도제2차고지,38703,825,462,790,462,35,42
송도제2차고지입구,38735,394,489,393,489,1,29
송도중학교,35155,12360,13016,12337,13016,23,845
송도지웰푸르지오시티,38424,6164,9582,6158,9582,6,524
송도채석장,38175,679,2507,679,2507,0,106
송도체육센터,38699,204,679,204,679,0,29
송도체육센터,38700,750,244,749,244,1,33
송도컨벤시아,38367,1885,6332,1882,6332,3,273
송도컨벤시아,38369,2840,1499,2826,1499,14,144
송도컨벤시아남문,38660,2307,1230,2307,1230,0,117
송도컨벤시아남문,38661,1199,2294,1199,2294,0,116
송도타임스페이스,38720,1767,5406,1767,5406,0,239
송도테크노파크IT센터,38752,11,1049,11,1049,0,35
송도테크노파크IT센터,39929,4740,2224,4740,2224,0,232
송도파크레인동일하이빌,38625,22,62,22,62,0,2
송도파크레인동일하이빌,38626,664,3,664,3,0,22
송도파크레인입구,38538,591,3271,591,3271,0,128
송도파크레인입구,38539,1225,1433,1225,1433,0,88
송도파크자이,38627,704,472,702,472,2,39
송도파크자이,38628,10,509,10,509,0,17
송도파크자이아파트,38638,9428,8568,9384,8568,44,599
송도파크자이아파트정문,38677,1266,5084,1266,5084,0,211
송도푸르지오월드마크,38426,5929,6886,5929,6886,0,427
송도푸르지오하버뷰,38494,3095,4385,3094,4385,1,249
송도풍림아이원1단지,38033,3129,25099,3117,25099,12,940
송도풍림아이원2단지,38025,9364,15149,9361,15149,3,817
송도풍림아이원2단지,38026,9445,5496,9440,5496,5,498
송도풍림아이원2단지,38034,25186,2885,25168,2885,18,935
송도풍림아이원4단지,38032,3907,9333,3898,9333,9,441
송도힐스테이트,38479,16603,7016,16602,7016,1,787
송도힐스테이트5단지,38393,5763,7356,5762,7356,1,437
송도힐스테이트6단지,38554,19,101,19,101,0,4
송동마을.서초힐스아파트,22962,1668,139,1668,139,0,60
송림119안전센터,36165,62,239,62,239,0,10
송림3.5동행정복지센터(재능대정문),36030,1942,8477,1942,8477,0,347
송림4동행정복지센터(재능대후문),36127,2113,2065,2110,2065,3,139
송림고가교,37491,2441,1367,2441,1367,0,126
송림고가교,37492,1318,2595,1316,2595,2,130
송림고개(도화신동아아파트),37439,10279,8713,10259,8713,20,633
송림고개(도화신동아아파트),37501,11019,7969,11000,7969,19,632
송림동진로아파트,36154,295,304,295,304,0,19
송림동진로아파트,36155,92,766,92,766,0,28
송림빌라,43316,31,0,31,0,0,1
송림빌라,43775,0,39,0,39,0,1
송림시장,36015,183,395,183,395,0,19
송림오거리,36131,14691,4041,14667,4041,24,624
송림오거리,36132,3755,10130,3751,10130,4,462
송림주유소,36090,594,486,594,486,0,36
송림체육관,36130,464,76,464,76,0,18
송림체육관,36148,35,295,35,295,0,11
송림체육관후문,36152,264,735,263,735,1,33
송림체육관후문,36153,659,362,657,362,2,34
송림휴먼시아,36124,14,803,14,803,0,27
송림휴먼시아,36125,44,1410,44,1410,0,48
송마3리,80157,971,34,970,34,1,33
송마3리,80158,38,443,38,443,0,16
송마리입구,80159,86,837,84,837,2,30
송마리입구,80160,363,209,363,209,0,19
송명초등학교,92013,3635,308,3635,308,0,131
송산,43482,45,27,44,27,1,2
송산,43710,53,75,51,75,2,4
송산교회,43956,18,41,18,41,0,1
송산삼거리,43480,43,1,39,1,4,1
송산삼거리,43611,0,40,0,40,0,1
송암박두성생가입구,90396,0,22,0,22,0,0
송암박두성생가입구,90397,36,0,35,0,1,1
송월동동화마을,35189,6253,3150,6245,3150,8,313
송월동동화마을,35190,3282,9522,3280,9522,2,426
송월아파트,35193,2544,650,2544,650,0,106
송월아파트,35194,1062,3006,1062,3006,0,135
송정역,25184,42,3774,42,3774,0,127
송정역,25185,5896,104,5896,104,0,200
송학둥지아파트,38584,4274,4210,4261,4210,13,282
송학둥지아파트,38585,3410,3415,3406,3415,4,227
송해교회,43384,288,77,282,77,6,12
송해교회,43769,83,341,83,341,0,14
송해면사무소,43708,38,130,36,130,2,5
송해면사무소,43809,74,58,72,58,2,4
송해삼거리,43386,402,81,399,81,3,16
송해삼거리,43819,108,487,106,487,2,19
송해초등학교,43807,51,178,51,178,0,7
송해초등학교,43820,155,24,153,24,2,5
송현시장.수도국산달동네박물관,36019,7639,5385,7605,5385,34,434
송현시장.수도국산달동네박물관,36020,6050,22603,6036,22603,14,955
송현시장.수도국산달동네박물관,36025,42,461,38,461,4,16
송현아파트,36065,5562,3400,5553,3400,9,298
송현아파트,36067,2002,4114,2002,4114,0,203
송현주공아파트,36073,891,2542,891,2542,0,114
송현주공아파트,36080,10692,5160,10672,5160,20,528
송현주공아파트후문,36162,547,2933,547,2933,0,116
쇠골큰말,89318,55,45,54,45,1,3
쇠골큰말,89321,57,24,57,24,0,2
수곡(월곳리),43191,36,0,36,0,0,1
수곡(월곳리),43620,1,18,1,18,0,0
수광티티아이,90215,42,33,41,33,1,2
수도군수지원단(장애인복지관),40825,5860,1532,5849,1532,11,246
수도군수지원단(장애인복지관),40826,10,1713,9,1713,1,57
수림공원,39347,1785,794,1785,794,0,85
수림공원,39351,754,1641,754,1641,0,79
수변로삼거리,40367,1121,491,1121,491,0,53
수변로삼거리,40370,2627,5057,2627,5057,0,256
수봉공원,37289,1741,1741,1741,1741,0,116
수봉공원,37569,1266,3715,1266,3715,0,166
수봉공원.인천수봉문화회관입구,37362,13074,6755,13070,6755,4,660
수봉공원.인천수봉문화회관입구,37369,8418,13692,8416,13692,2,737
수봉마을쉼터,37570,2987,4008,2987,4008,0,233
수봉마을쉼터,37571,3057,1945,3057,1945,0,166
수부촌,43041,171,257,171,257,0,14
수산동,39175,366,700,366,700,0,35
수산동,39176,269,475,269,475,0,24
수양관,43245,17,50,17,50,0,2
수양관,43645,78,7,76,7,2,2
수인곡물시장,35134,2999,2603,2973,2603,26,186
수정제입구,90290,10,11,10,11,0,0
수촌,43111,128,2,127,2,1,4
수촌,43358,1,117,1,117,0,3
수출산업단지6공단입구,40009,3769,4571,3763,4571,6,278
수출산업단지6공단입구,40010,2140,2576,2134,2576,6,157
수행마을.홈플러스,80074,660,32,660,32,0,23
수행마을.홈플러스,80075,82,585,82,585,0,22
수현마을,39487,2659,6414,2642,6414,17,302
수현마을,39488,10236,6035,10212,6035,24,542
수협,43059,0,4,0,4,0,0
수협,43060,163,1169,162,1169,1,44
수협,43062,3589,10517,3556,10517,33,470
수협(인천해양센터),35080,2884,73,2856,73,28,98
수협(인천해양센터),35081,59,4331,58,4331,1,146
수협온수지점,90411,1388,494,1384,494,4,62
수협온수지점,90413,384,1673,382,1673,2,68
순복음교회,37253,8954,27917,8941,27917,13,1229
순복음교회,39181,19752,8033,19705,8033,47,926
순복음교회,40661,13299,7410,13299,7410,0,690
순천향대학병원.부명고,55037,7829,963,7829,963,0,293
숭덕여중고입구,39461,12206,23983,12164,23983,42,1206
숭덕여중고입구,39463,15961,12800,15911,12800,50,958
숭덕여중고입구,39466,6158,999,6105,999,53,238
숭뢰2리,43421,92,283,84,283,8,12
숭뢰2리,43704,214,30,210,30,4,8
숭보사입구,40851,126,34,126,34,0,5
숭보사입구,40918,1,58,1,58,0,1
숭의1.3동(극동아파트),37328,557,660,553,660,4,40
숭의1.3동(극동아파트),37337,441,836,438,836,3,42
숭의2동행정복지센터,37563,1846,2197,1846,2197,0,134
숭의교회,37269,17640,10831,17635,10831,5,949
숭의교회,37271,12908,15565,12907,15565,1,949
숭의로터리,37265,5834,18605,5816,18605,18,814
숭의로터리,37266,15606,5922,15547,5922,59,717
숭의로터리,37273,17813,8816,17801,8816,12,887
숭의로터리.도원체육관,37276,8268,12800,8268,12800,0,702
숭의목공예마을앞,37313,8217,8642,8214,8642,3,561
숭의목공예마을앞,37315,6380,6872,6370,6872,10,441
숭의박문아파트,37353,1287,2516,1281,2516,6,126
숭의박문아파트,37354,2496,1291,2486,1291,10,126
숭의보건지소,37532,13876,3960,13870,3960,6,594
숭의역(1번출구),37510,45957,22452,45900,22452,57,2280
숭의역(2번출구),37211,27095,34370,27077,34370,18,2048
숭의역(3번출구),35133,1238,4485,1236,4485,2,190
숭의역(4번출구),35135,4089,2670,4087,2670,2,225
숭의초등학교,37296,1141,606,1124,606,17,58
숭의초등학교,37308,1257,3971,1257,3971,0,174
숭의초등학교입구,37287,1858,1573,1856,1573,2,114
쉐보레인천서비스,40433,1518,4661,1518,4661,0,205
쉐보레출고사무소,89160,1955,311,1955,311,0,75
쉴낙원인천장례식장,41458,1125,2223,1124,2223,1,111
스카이시티자이.화성파크드림,35650,2925,6718,2925,6718,0,321
스타파이브입구,35428,320,31,320,31,0,11
스타파이브입구,35429,16,283,16,283,0,9
스태츠칩팩코리아,35641,12,433,12,433,0,14
스태츠칩팩코리아,35642,379,19,379,19,0,13
스틸랜드,70228,135,452,135,452,0,19
스틸랜드,70229,384,151,384,151,0,17
스포월드골프연습장,42439,113,164,112,164,1,9
스포월드골프연습장,42440,21,133,19,133,2,5
승기천,39169,1118,6230,1113,6230,5,244
승기천,39170,880,4438,880,4438,0,177
시대아파트,38340,15311,12489,15311,12489,0,926
시리미,43330,55,76,55,76,0,4
시리미,43631,21,0,21,0,0,0
시립가좌테니스장,37581,216,1328,216,1328,0,51
시립가좌테니스장,37582,211,2619,211,2619,0,94
시민공원,37359,14761,5554,14730,5554,31,677
시민공원(문화창작지대)역,37344,25083,24350,25062,24350,21,1647
시민공원(문화창작지대)역,37346,34843,28488,34817,28488,26,2111
시민공원.문화창작지대,37334,17534,35734,17518,35734,16,1775
시민공원.문화창작지대,37468,2082,1455,2082,1455,0,117
시민공원역.포레나미추홀,37319,5324,51936,5315,51936,9,1908
시민공원역.포레나미추홀,37326,102269,18491,102193,18491,76,4025
시민의숲.양재꽃시장,31002,15091,4369,15091,4369,0,648
시민의숲.양재꽃시장,31003,1781,5967,1781,5967,0,258
시장로터리(중앙철재),40261,2036,1665,2031,1665,5,123
시청광장입구,39217,16145,21107,16145,21107,0,1241
시청광장입구,39218,21144,16778,21134,16778,10,1264
시흥대야역.영남아파트,70027,638,2159,638,2159,0,93
시흥대야역.영남아파트,70028,2634,686,2634,686,0,110
시흥보건소,70015,2172,434,2172,434,0,86
시흥보건소,70016,448,2039,448,2039,0,82
시흥영업소,25846,129,89,129,89,0,7
시흥영업소,25847,75,134,75,134,0,6
신골입구,43998,14,33,14,33,0,1
신골입구,43999,24,13,24,13,0,1
신광주유소,43470,9,6,9,6,0,0
신광주유소,43524,4,13,4,13,0,0
신광초등학교,35142,289,514,288,514,1,26
신기.남부종합시장(진흥사거리),37217,49485,30020,49419,30020,66,2650
신기.남부종합시장(진흥사거리),37219,16369,30541,16347,30541,22,1563
신김포농협대곶지점,80147,87,53,87,53,0,4
신김포농협대곶지점,80148,205,204,201,204,4,13
신논현역,32055,10484,60,10484,60,0,351
신논현역.우신빌딩,31057,96,5829,96,5829,0,197
신당리동촌부락,90090,29,3,29,3,0,1
신당리동촌부락,90091,2,5,2,5,0,0
신당리마을회관,90088,1,0,1,0,0,0
신당촌,90114,4,4,4,4,0,0
신대진중앙아파트,41271,4039,2722,4039,2722,0,225
신대진중앙아파트,41274,2089,3534,2089,3534,0,187
신도실업(주),40625,541,1771,541,1771,0,77
신동마을,90253,0,4,0,4,0,0
신동마을,90254,7,8,7,8,0,0
신동아1.2차아파트,37507,8830,6097,8820,6097,10,497
신동아1단지,70038,133,162,133,162,0,9
신동아1단지.한일아파트,70037,212,258,212,258,0,15
신동아3차아파트,37119,12279,16551,12279,16551,0,961
신동아3차아파트,37120,11733,18899,11733,18899,0,1021
신동아3차아파트,37494,10013,6143,9991,6143,22,538
신동아상가,40860,5044,3705,5044,3705,0,291
신동아상가(백운역방면),40068,5314,8205,5314,8205,0,450
신동아아파트,37072,12,1052,12,1052,0,35
신동아아파트,37143,9146,14147,9146,14147,0,776
신동아아파트,37160,6221,8240,6221,8240,0,482
신동아아파트,37525,2508,8181,2508,8181,0,356
신동아아파트,39381,3022,6528,3022,6528,0,318
신동아아파트,39382,16335,6361,16333,6361,2,756
신동아아파트,41349,7438,1145,7438,1145,0,286
신동아아파트,41350,1697,6053,1697,6053,0,258
신동아아파트(B),37162,11714,10777,11714,10777,0,749
신동아아파트116동,40060,3474,10773,3474,10773,0,474
신동아아파트116동,40859,7378,2637,7378,2637,0,333
신동아아파트3차,37090,10519,1065,10519,1065,0,386
신동아아파트3차,37097,3694,9475,3694,9475,0,438
신동아아파트4차,37121,4854,1879,4854,1879,0,224
신동아아파트4차,37123,2802,3462,2802,3462,0,208
신동아아파트5차,37141,12789,4119,12789,4119,0,563
신동아아파트8차,37135,1799,3521,1799,3521,0,177
신동아아파트8차,37136,4946,997,4946,997,0,198
신동양아파트,41202,3673,10302,3673,10302,0,465
신동양아파트,41203,9464,4112,9464,4112,0,452
신라아파트,37277,6861,6404,6854,6404,7,442
신라아파트,37543,1761,4228,1753,4228,8,199
신명보람마을.삼부한신아파트,40511,2206,2573,2206,2573,0,159
신명보람마을.삼부한신아파트,40512,537,1043,537,1043,0,52
신명스카이뷰,35453,1713,3344,1713,3344,0,168
신명스카이뷰,35456,9310,4665,9310,4665,0,465
신명스카이뷰,42737,102,197,102,197,0,9
신명스카이뷰정문,35455,5029,9149,5028,9149,1,472
신명아파트,42081,8354,11306,8342,11306,12,655
신명아파트.대우3차아파트,70018,455,3323,455,3323,0,125
신명아파트앞,42799,11,880,11,880,0,29
신반포역.세화여중고,31033,925,80,925,80,0,33
신봉삼거리,43126,124,11,119,11,5,4
신봉삼거리,43127,0,19,0,19,0,0
신봉삼거리,43463,554,443,539,443,15,33
신봉삼거리,43814,24,9,24,9,0,1
신봉이발관,43458,24,12,21,12,3,1
신봉이발관,43786,9,43,9,43,0,1
신북항고가교,42104,2284,2068,2284,2068,0,145
신북항고가교,42109,1277,2985,1277,2985,0,142
신분당선.강남역4번출구,23572,9351,3850,9351,3850,0,440
신비마을아파트,37164,454,2279,454,2279,0,91
신비마을아파트,37223,4323,8330,4319,8330,4,421
신비마을아파트,37225,7235,3895,7224,3895,11,371
신비마을아파트,37555,290,1352,290,1352,0,54
신비마을아파트(112동),37171,6236,3826,6212,3826,24,335
신삼1리마을회관,43405,136,2,128,2,8,4
신삼1리마을회관,43791,0,130,0,130,0,4
신삼2리마을회관,43400,169,1,166,1,3,5
신삼2리마을회관,43825,7,142,7,142,0,4
신삼리입구,43606,16,6,15,6,1,0
신삼리입구,43801,1,26,1,26,0,0
신선지입구,90346,10,8,10,8,0,0
신선지입구,90347,2,34,2,34,0,1
신선초등학교,35086,6077,10045,6063,10045,14,537
신선초등학교(유림노르웨이숲),35089,11777,4712,11745,4712,32,549
신선초등학교앞,37055,3161,925,3152,925,9,136
신설동,35413,13,75,13,75,0,2
신설동,35416,36,11,36,11,0,1
신설동(3거리),35018,111,12,111,12,0,4
신설동(3거리),35019,8,150,8,150,0,5
신성미소지움,40099,2469,42,2455,42,14,83
신성미소지움,40102,33,1883,23,1883,10,63
신성미소지움,40643,2003,13893,2003,13893,0,529
신성미소지움,40649,6899,2140,6899,2140,0,301
신성미소지움후문,40660,4,576,4,576,0,19
신성성결교회(올림피아병원),39355,14220,9345,14219,9345,1,785
신세계아파트,39383,3481,4976,3480,4976,1,281
신송고등학교,38023,1774,4149,1769,4149,5,197
신송고등학교,38024,4359,2732,4359,2732,0,236
신안실크밸리,35220,806,281,806,281,0,36
신연수역(1번출구),38263,4553,4079,4531,4079,22,287
신연수역(2번출구),38231,3032,611,3032,611,0,121
신연수역(3번출구),38228,6889,4443,6879,4443,10,377
신영자동차,40561,3317,877,3308,877,9,139
신영자동차(종점),40556,5399,2050,5380,2050,19,248
신왕마을,43203,199,7,198,7,1,6
신왕마을,43718,2,143,1,143,1,4
신원기술,39130,29,6,29,6,0,1
신원아침도시오피스텔(홈플러스),39836,5675,6862,5673,6862,2,417
신일교회,39529,4916,7808,4916,7808,0,424
신일아파트,35097,48,23,48,23,0,2
신정1리마을회관,43300,12,4,12,4,0,0
신정1리마을회관,43737,30,19,30,19,0,1
신정삼거리,90111,0,23,0,23,0,0
신정삼거리,90112,10,9,10,9,0,0
신정중학교,38459,2027,1985,2027,1985,0,133
신정중학교,38555,3023,1854,3023,1854,0,162
신중동역4번출구.롯데백화점,55226,1336,4918,1336,4918,0,208
신중동역5번출구.중흥중학교,55071,693,5274,693,5274,0,198
신중동역6번출구.중흥중학교,55072,2977,502,2977,502,0,115
신지동마을회관,43303,70,46,67,46,3,3
신지동마을회관,43740,94,65,91,65,3,5
신진아파트,41107,24146,14259,24146,14259,0,1280
신창아파트,37010,3513,6745,3513,6745,0,341
신창아파트,37464,5221,2453,5220,2453,1,255
신천동,70048,6979,537,6978,537,1,250
신천동,70049,359,7543,359,7543,0,263
신천삼거리,70013,7797,449,7797,449,0,274
신천삼거리,70014,466,8334,466,8334,0,293
신천역.문화의거리,25364,1800,286,1800,286,0,69
신천역.문화의거리,70174,179,1966,179,1966,0,71
신천연합병원,70175,71,719,71,719,0,26
신천연합병원,70231,795,217,795,217,0,33
신촌,43146,18,0,18,0,0,0
신촌,43432,13,27,13,27,0,1
신촌,43459,311,12,305,12,6,10
신촌,43510,0,15,0,15,0,0
신촌,43753,25,180,24,180,1,6
신촌,43800,64,40,64,40,0,3
신촌마을입구,90201,39,10,38,10,1,1
신촌마을입구,90202,6,6,6,6,0,0
신촌역2호선,22052,4126,55,4126,55,0,139
신촌오거리.2호선신촌역,22014,5213,35,5213,35,0,174
신촌오거리.2호선신촌역,23035,127,2803,127,2803,0,97
신촌오거리.현대백화점,22013,11219,125,11219,125,0,378
신촌오거리.현대백화점,23034,392,14128,392,14128,0,484
신촌초등학교,40098,370,891,370,891,0,42
신태양아파트,37406,5363,7283,5363,7283,0,421
신태양아파트,37408,8537,3433,8537,3433,0,399
신트리공원,40472,2176,2431,2176,2431,0,153
신트리공원,40496,2759,4195,2758,4195,1,231
신트리공원,40501,2117,1522,2117,1522,0,121
신포동행정복지센터,35153,3670,2471,3670,2471,0,204
신포동행정복지센터,35154,1980,3596,1977,3596,3,185
신포사거리,35791,40,273,40,273,0,10
신포시장,35160,32879,54110,32834,54110,45,2899
신포시장,35254,57096,33127,57048,33127,48,3007
신포역·인천세관역사공원,35792,299,112,299,112,0,13
신포역·인천세관역사공원,35796,6,14,6,14,0,0
신포역·인천여자상업고등학교,35149,1726,7306,1715,7306,11,301
신포역·인천여자상업고등학교,35150,7252,2756,7242,2756,10,333
신포입구,43491,47,31,43,31,4,2
신포입구,43842,6,25,6,25,0,1
신한빌딩,39901,10679,10378,10679,10378,0,701
신한에이엠,89147,625,12,625,12,0,21
신한일전기,39034,1707,1038,1707,1038,0,91
신현119안전센터,42596,8084,13244,8055,13244,29,710
신현119안전센터,42600,7830,8158,7814,8158,16,532
신현노인회관,43279,69,5,65,5,4,2
신현노인회관,43527,21,71,21,71,0,3
신현리입구,90062,27,81,27,81,0,3
신현북초등학교,42208,4016,670,4015,670,1,156
신현북초등학교,42209,748,3183,748,3183,0,131
신현북초등학교,42210,1688,177,1688,177,0,62
신현북초등학교,42211,85,1843,83,1843,2,64
신현쇼핑,42217,31495,23043,31412,23043,83,1817
신현쇼핑,42220,39605,24798,39527,24798,78,2146
신현여자중학교후문,42214,3496,4095,3495,4095,1,253
신현여자중학교후문,42680,3134,2246,3131,2246,3,179
신현중학교,42205,441,3339,441,3339,0,126
신현초등학교,42178,1691,1878,1691,1878,0,118
신현초등학교,42179,2230,3192,2230,3192,0,180
신화빌라,42626,580,470,579,470,1,35
신화슈퍼,89314,174,8,168,8,6,6
신화슈퍼,89326,1,148,1,148,0,4
신흥교통,35501,295,192,273,192,22,16
신흥교통입구,35841,1487,1799,1483,1799,4,109
신흥동주민자치센터,35789,194,47,194,47,0,8
신흥동주민자치센터,35799,18,37,18,37,0,1
신흥시장,35145,11790,15257,11785,15257,5,901
신흥시장,35146,15940,8992,15929,8992,11,831
신흥시장,57002,2452,1259,2451,1259,1,123
신흥시장,57004,1579,2395,1579,2395,0,132
신흥시장후문,35812,140,26,140,26,0,5
신흥시장후문,35813,97,131,97,131,0,7
신흥주민지원센터,57013,3181,1822,3180,1822,1,166
신흥주민지원센터,57014,1686,2867,1686,2867,0,151
신흥초등학교,35156,7737,10742,7727,10742,10,615
실내게이트볼장(신현중학교),42204,4828,373,4828,373,0,173
실미도조개구이,35299,1,59,1,59,0,2
실미삼거리,35740,499,78,493,78,6,19
실미삼거리,35741,48,348,48,348,0,13
심곡극동아파트,42272,1625,405,1611,405,14,67
심곡극동아파트,42273,240,1083,239,1083,1,44
심곡도서관,42946,2027,1401,2017,1401,10,114
심곡도서관,89223,534,2164,534,2164,0,89
심곡동광명아파트,89153,5923,2147,5907,2147,16,269
심곡동광명아파트,89154,2259,3926,2258,3926,1,206
심곡천(심곡3교),89381,151,23,151,23,0,5
심곡천(심곡3교),89382,14,225,14,225,0,7
심곡천봉수교,42875,1111,640,1111,640,0,58
심곡천봉수교,42951,1537,5107,1537,5107,0,221
심곡초등학교(국제성모병원),42288,4092,5630,4072,5630,20,324
심곡초등학교(국제성모병원),42290,6068,4060,6064,4060,4,337
십리포제2주차장,44110,32,34,31,34,1,2
십리포제2주차장,44207,10,7,10,7,0,0
십리포해수욕장,44088,68,81,64,81,4,4
십리포해수욕장,44208,35,15,35,15,0,1
십정1동행정복지센터,40049,18068,13783,18046,13783,22,1061
십정2동행정복지센터,40056,5330,5923,5327,5923,3,375
십정동차고지,40913,2866,4609,2866,4609,0,249
십정사거리,40029,6851,5627,6846,5627,5,415
십정사거리,40033,3289,3727,3289,3727,0,233
십정시장입구,40007,10,3732,10,3732,0,124
십정시장입구,40008,3565,20,3565,20,0,119
십정초등학교(동암의원),40041,1355,1115,1355,1115,0,82
십정초등학교(동암의원),40042,568,2353,568,2353,0,97
십정초등학교·더샵부평정문,40045,18098,20416,18066,20416,32,1283
십정초등학교·더샵부평정문,40048,27099,18497,27058,18497,41,1519
쌍마아파트,42112,5847,3358,5847,3358,0,306
쌍마아파트,42114,588,2438,588,2438,0,100
쌍용아파트,37179,5592,2468,5582,2468,10,268
쌍용아파트,37186,1949,4124,1949,4124,0,202
쌍용아파트,37210,518,371,518,371,0,29
쌍용아파트,37228,19956,11795,19915,11795,41,1058
쌍용아파트,37476,14212,22859,14178,22859,34,1235
쌍용아파트,38178,1937,774,1937,774,0,90
쌍용아파트,38184,887,1767,887,1767,0,88
쌍용아파트,38469,4806,2730,4794,2730,12,251
쌍용아파트,41434,1225,4324,1225,4324,0,184
쌍용아파트정문,40439,2435,3636,2435,3636,0,202
쌍용자동차인천정비사업소,36144,76,1069,76,1069,0,38
쑥골고가교,37371,2864,3110,2857,3110,7,199
쑥골고가교,37372,5436,8476,5433,8476,3,463
쑥밭다리,43650,3,7,3,7,0,0
쑥밭다리,43683,7,10,7,10,0,0
아나지고개,41001,2486,3067,2484,3067,2,185
아나지고개,41002,4436,6265,4433,6265,3,356
아동보호센터,35680,83,386,79,386,4,15
아동보호센터,35698,70,28,68,28,2,3
아라노을공원·한신더휴,89404,13323,10681,13323,10681,0,800
아라노을공원·한신더휴,89405,11564,13117,11564,13117,0,822
아라동행정복지센터,42465,14092,19623,14092,19623,0,1123
아라동행정복지센터,42467,14336,8484,14336,8484,0,760
아라동행정복지센터(서부고용센터),89401,4009,917,4009,917,0,164
아라동행정복지센터(서부고용센터),89402,1149,5211,1149,5211,0,212
아라뱃길물류센터,89145,6,541,6,541,0,18
아라센트럴파크,89406,2774,4351,2774,4351,0,237
아라센트럴파크,89407,5227,3514,5227,3514,0,291
아름어린이공원,40337,268,550,268,550,0,27
아름어린이공원,40339,822,506,822,506,0,44
아리마을쉼터,37551,19,1378,16,1378,3,46
아리마을쉼터,37552,1555,152,1534,152,21,56
아모텍,39139,1471,2647,1471,2647,0,137
아시아드경기장(공촌사거리)역,42319,2618,4184,2618,4184,0,226
아시아드경기장(공촌사거리)역,42320,384,1577,381,1577,3,65
아시아드대광로제비앙아파트,89257,928,3629,928,3629,0,151
아시아드대광로제비앙아파트,89258,4632,1453,4632,1453,0,202
아암3교사거리,38727,51,311,51,311,0,12
아암3교사거리,38728,158,143,157,143,1,10
아암물류단지,35285,135,1,131,1,4,4
아암물류단지,35590,4,244,1,244,3,8
아울렛(CGV부평),40818,3709,2178,3709,2178,0,196
아이즈빌(부평CGV),40595,12209,7388,12204,7388,5,653
아이즈빌(부평CGV),40598,8575,12815,8573,12815,2,713
아인스월드,55086,458,1353,458,1353,0,60
아주아파트,38047,1634,705,1629,705,5,77
아주아파트,38051,863,1623,861,1623,2,82
아주아파트,38301,1552,979,1544,979,8,84
아주아파트,38304,2308,1633,2305,1633,3,131
아주아파트.미추홀학교,39481,42803,17995,42676,17995,127,2026
아주아파트.미추홀학교,39482,21057,26055,21044,26055,13,1570
아주아파트410동,41575,596,2,596,2,0,19
아침가리마을회관,43287,139,0,137,0,2,4
아침가리마을회관,43867,0,103,0,103,0,3
아쿠아글로리,42811,148,1,148,1,0,4
아트센터인천,38617,24,28,24,28,0,1
아트센터인천,38618,10,90,10,90,0,3
아현역,22062,3337,20,3337,20,0,111
아현역,23078,15,1949,15,1949,0,65
안골마을입구,38225,7460,8429,7460,8429,0,529
안남고(동보1차아파트),41048,779,673,779,673,0,48
안남고등학교,41045,3324,714,3324,714,0,134
안동포교회,42700,537,102,537,102,0,21
안동포교회,42701,29,629,29,629,0,21
안동포사거리,42707,43,160,43,160,0,6
안동포사거리입구,42765,358,22,358,22,0,12
안동포사거리입구,42766,5,1011,5,1011,0,33
안산마을,43132,36,1,36,1,0,1
안산마을,43138,3,56,3,56,0,1
안산초등학교(구계산고교),41425,15136,12612,15125,12612,11,924
안양대학교,43177,741,649,738,649,3,46
안양대학교,43301,1357,393,1356,393,1,58
안풍산업삼거리,89312,100,9,87,9,13,3
안풍산업삼거리,89329,0,68,0,68,0,2
알앤디써비스,38477,107,1477,106,1477,1,52
알앤디써비스,38478,964,175,964,175,0,37
애관극장,35804,9,69,9,69,0,2
애보박물관,39667,0,31,0,31,0,1
애보박물관,39671,7,50,7,50,0,1
애전마을,43682,18,3,18,3,0,0
애전마을,43894,40,54,40,54,0,3
애전부락,90075,53,86,53,86,0,4
애전부락,90076,53,59,53,59,0,3
앰코코리아(블루오션골프클럽),39880,948,41,948,41,0,32
야곡,43236,40,1,40,1,0,1
야곡,43292,8,73,8,73,0,2
야촌,43210,10,0,10,0,0,0
야촌,43333,0,6,0,6,0,0
약대사거리,57006,3011,535,3011,535,0,118
약대사거리,57010,398,3174,398,3174,0,119
약대주민지원센터.약대초등학교,55080,897,1638,897,1638,0,84
약대주민지원센터.약대초등학교,55088,1387,502,1387,502,0,62
약암호텔,80071,544,141,542,141,2,22
약암호텔,80072,44,459,44,459,0,16
얀센백신,38519,180,0,180,0,0,6
얀센백신,38520,1,457,1,457,0,15
양갑리마을회관,90283,2,53,2,53,0,1
양갑리마을회관,90307,44,0,44,0,0,1
양갑리입구,90282,0,3,0,3,0,0
양갑리입구,90308,12,2,12,2,0,0
양곡도매시장,31037,1493,303,1493,303,0,59
양곡버스정류장,80115,146,601,146,601,0,24
양곡사거리.양촌터미널,80116,435,187,433,187,2,20
양골,43987,14,0,14,0,0,0
양골,43989,0,38,0,38,0,1
양구(오상1리),43262,1,50,1,50,0,1
양구(오상1리),43563,76,7,75,7,1,2
양달마을,43910,36,51,36,51,0,2
양달마을,43911,6,1,6,1,0,0
양도,43074,1,34,1,34,0,1
양도,43075,43,28,42,28,1,2
양도면사무소(나무),43912,388,321,387,321,1,23
양도면사무소(쉘터),43913,635,451,627,451,8,36
양도사거리.대림아파트.신안아파트,80076,805,40,805,40,0,28
양도사거리.삼용아파트,80077,117,720,117,720,0,27
양도초등학교,43329,221,172,216,172,5,13
양도초등학교,43568,215,212,213,212,2,14
양로원,40111,613,2504,613,2504,0,103
양로원,40113,2032,541,2032,541,0,85
양사면사무소,43501,15,32,15,32,0,1
양사면사무소,43658,45,71,44,71,1,3
양사우체국,43465,37,17,36,17,1,1
양사우체국,43736,28,67,28,67,0,3
양사초등학교,43466,66,22,66,22,0,2
양사초등학교,43734,31,53,27,53,4,2
양사파출소,43722,7,12,7,12,0,0
양수장,43592,137,0,137,0,0,4
양수장,43781,0,154,0,154,0,5
양오1리마을회관,43454,14,62,14,62,0,2
양오1리마을회관,43666,53,1,52,1,1,1
양오2리경로당,43453,5,77,5,77,0,2
양오2리경로당,43625,122,4,121,4,1,4
양오2리앞,90049,0,7,0,7,0,0
양오리저수지마을,90102,1,15,1,15,0,0
양오리저수지마을,90103,109,0,106,0,3,3
양오저수지입구,90100,0,6,0,6,0,0
양오저수지입구,90101,5,0,5,0,0,0
양왕마을,43927,6,6,4,6,2,0
양왕마을,43928,3,34,3,34,0,1
양재역,31073,14713,4105,14713,4105,0,627
양재역.서초문화예술회관,31008,2439,4268,2439,4268,0,223
양재역.서초문화예술회관,31010,3028,2044,3028,2044,0,169
양재역말죽거리.강남베드로병원,23318,299,112,299,112,0,13
양지공원,38133,7909,5162,7909,5162,0,435
양지촌,43163,11,9,10,9,1,0
양지촌,43342,25,19,25,19,0,1
양진말입구,90056,2,0,2,0,0,0
양진말입구,90057,0,51,0,51,0,1
양촌중학교,41629,574,890,574,890,0,48
양촌중학교,41630,306,460,306,460,0,25
양평해장국,44145,31,21,29,21,2,1
양평해장국,44178,10,16,10,16,0,0
어두,43206,2,19,2,19,0,0
어두,43280,1,0,1,0,0,0
어두마을,43155,117,6,115,6,2,4
어두마을,43322,8,74,8,74,0,2
어류정입구,90175,28,31,28,31,0,1
어류정입구,90176,11,34,11,34,0,1
어류정입구,90312,4,1,4,1,0,0
어류정항,90323,6,2,4,2,2,0
어류정항,90400,10,3,10,3,0,0
어린이집앞,43402,168,0,164,0,4,5
어린이집앞,43585,17,182,17,182,0,6
에덴하우스,42788,620,1552,620,1552,0,72
에몬스가구,39023,2989,4321,2983,4321,6,243
에몬스가구,39024,5032,2244,5032,2244,0,242
에스틸,89232,341,287,341,287,0,20
에이에프티,39110,1185,2754,1185,2754,0,131
에코메트로10단지,39728,431,183,431,183,0,20
에코메트로10단지,39736,94,394,94,394,0,16
에코메트로11단지,39652,2660,4319,2660,4319,0,232
에코메트로11단지후문,39701,739,1729,739,1729,0,82
에코메트로12단지,39651,3726,2449,3726,2449,0,205
에코메트로12단지,39653,37,711,37,711,0,24
에코메트로12단지정문,39650,107,129,107,129,0,7
에코메트로5단지,92076,40,96,40,96,0,4
에코메트로5단지·논현센트럴뷰,39779,715,1207,715,1207,0,64
에코메트로6단지,39716,3246,244,3223,244,23,116
에코메트로6단지,39758,136,911,136,911,0,34
에코메트로7단지,39714,9736,4751,9729,4751,7,482
에코메트로7단지,39715,5411,7064,5411,7064,0,415
에코메트로9단지,39750,6800,1145,6800,1145,0,264
에코메트로9단지,39752,2091,4386,2091,4386,0,215
에코메트로더타워,39711,102,667,98,667,4,25
에코크레이션,89449,215,0,215,0,0,7
에코크레이션,89450,0,56,0,56,0,1
엑스포빌리지10단지,38460,2941,1433,2934,1433,7,145
엑스포빌리지9단지,38482,2990,6740,2988,6740,2,324
엑슬루타워,37187,3374,8912,3372,8912,2,409
엑슬루타워,42836,3128,11715,3128,11715,0,494
엘리지안타운,42394,1421,1673,1418,1673,3,103
엘아이지식산업센터,39944,321,992,321,992,0,43
엘아이지식산업센터(맞은편),92029,720,236,720,236,0,31
엘지슈퍼,39457,1236,2129,1236,2129,0,112
엠파크타워,42025,4311,4641,4311,4641,0,298
엠파크타워,42026,5011,4713,5008,4713,3,324
여고입구,90232,524,511,505,511,19,34
여고입구,90233,1309,727,1296,727,13,67
여성의광장,38084,4280,4492,4277,4492,3,292
여성의광장,38085,4798,5232,4790,5232,8,334
여우고개,43980,8,107,8,107,0,3
여우고개,43981,79,70,79,70,0,4
여우별펜션,44142,2,24,2,24,0,0
여우별펜션,44179,11,11,11,11,0,0
여우재,35147,474,347,474,347,0,27
여의도역,19155,648,4,648,4,0,21
여의도역,19156,21,1431,21,1431,0,48
여의도환승센터,19007,5,600,5,600,0,20
여차리,43424,25,56,23,56,2,2
여차리,43472,50,37,50,37,0,2
여차리회관,43505,70,41,70,41,0,3
여차리회관,43525,49,39,45,39,4,2
역삼역.포스코타워역삼,23288,1254,1197,1254,1197,0,81
연락골,39662,7,39,7,39,0,1
연락골,39665,19,12,19,12,0,1
연리입구,43267,65,1,65,1,0,2
연리입구,43614,0,54,0,54,0,1
연미고개,43198,0,94,0,94,0,3
연미고개,43711,70,0,61,0,9,2
연미정,43193,190,2,179,2,11,6
연미정,43621,1,148,0,148,1,4
연성IC(미정차),70208,4,0,4,0,0,0
연성교회,37278,5793,4671,5777,4671,16,348
연세농장,39851,111,8,111,8,0,3
연세대,39725,4015,9806,4015,9806,0,460
연세대,39861,8705,4225,8705,4225,0,431
연세대송도캠퍼스입구,38489,9319,4803,9319,4803,0,470
연세대앞,22022,16,5,16,5,0,0
연세대학교앞,22058,4766,18,4766,18,0,159
연수1동행정복지센터,38248,243,569,243,569,0,27
연수1동행정복지센터,38251,1286,1219,1286,1219,0,83
연수1차아파트,38187,5642,3150,5640,3150,2,293
연수2차아파트,38195,697,1438,697,1438,0,71
연수3동행정복지센터,38262,1534,636,1534,636,0,72
연수경찰서,38111,3427,2634,3409,2634,18,202
연수고등학교,38104,912,3022,906,3022,6,131
연수구청,38089,9489,4784,9489,4784,0,475
연수구청,38093,4269,11286,4269,11286,0,518
연수구청입구,38095,5944,4775,5944,4775,0,357
연수꿈담도서관,38103,9460,6007,9451,6007,9,515
연수병원,38296,5189,2408,5189,2408,0,253
연수여자고등학교,38092,2718,3796,2716,3796,2,217
연수역,38506,2068,2614,2068,2614,0,156
연수역,38507,1301,2097,1301,2097,0,113
연수역북측입구,38572,1264,2483,1264,2483,0,124
연수역북측입구,38573,1947,2139,1947,2139,0,136
연수우체국,38280,7281,4445,7281,4445,0,390
연수우체국,38314,2451,1032,2451,1032,0,116
연수주공3차아파트,38188,4046,4196,4046,4196,0,274
연수중학교,38194,2009,1634,2009,1634,0,121
연수중학교,38196,1014,1109,1014,1109,0,70
연수초등학교,38290,11285,10072,11285,10072,0,711
연수초등학교,38293,4257,3905,4257,3905,0,272
연수한양1차아파트,38091,2835,5459,2835,5459,0,276
연안동행정복지센터,35063,124,11100,123,11100,1,374
연안부두(신선초등학교),35097,1523,3931,1505,3931,18,181
연안부두로삼거리,35754,2,706,2,706,0,23
연안부두바다쉼터,35049,1041,28,1035,28,6,35
연안부두어시장,35071,116,7965,116,7965,0,269
연안부두어시장,35072,8842,165,8812,165,30,300
연안아파트,35075,10350,1978,10323,1978,27,410
연안아파트,35076,1485,11236,1467,11236,18,424
연안여객터미널,35057,7494,55,7446,55,48,251
연안여객터미널,35061,41,5328,39,5328,2,178
연안여객터미널,90115,71,67,69,67,2,4
연안여객터미널,90116,43,122,43,122,0,5
연안여객터미널입구,35068,2564,69,2545,69,19,87
연안초등학교,35064,17372,284,17203,284,169,588
연안초등학교,35067,132,12945,129,12945,3,435
연지-기점,90256,3334,3205,3333,3205,1,217
연학초등학교,37137,7683,2136,7683,2136,0,327
연학초등학교,37138,1537,7391,1537,7391,0,297
연합의원,42186,4086,1687,4085,1687,1,192
연화중학교,38117,2673,3292,2673,3292,0,198
연흥아파트,37567,3741,4362,3735,4362,6,270
연흥아파트,37568,2302,7104,2295,7104,7,313
연희공원,42950,63,158,63,158,0,7
연희동광명아파트(사계절썰매장),42314,1815,1823,1811,1823,4,121
연희동광명아파트(사계절썰매장),42599,1349,2171,1343,2171,6,117
연희동행정복지센터,42311,709,1440,707,1440,2,71
연희동행정복지센터,42312,1709,1109,1707,1109,2,93
열우물사거리,40052,11,286,11,286,0,9
열우물전통시장,40028,454,2481,454,2481,0,97
열우물전통시장,40030,1954,492,1954,492,0,81
열우물전통시장입구,40036,2263,459,2263,459,0,90
열우물전통시장입구,40038,399,3665,399,3665,0,135
열우물테니스경기장,40053,3584,3502,3546,3502,38,236
열우물테니스경기장,40054,1046,1177,1046,1177,0,74
열우물테니스경기장,40063,411,1313,411,1313,0,57
열우물테니스경기장,40064,359,678,359,678,0,34
열우물테니스경기장,42023,4181,4676,4161,4676,20,295
열우물테니스경기장,42024,3101,2907,3076,2907,25,200
염전공원,37681,1954,5,1954,5,0,65
영골,43954,6,0,6,0,0,0
영골,43955,0,42,0,42,0,1
영남1단지.고합아파트,70164,211,225,211,225,0,14
영남아파트,37060,4428,3942,4428,3942,0,279
영남아파트,37063,5676,4601,5676,4601,0,342
영남아파트,38203,2500,1434,2500,1434,0,131
영남아파트,38205,1011,2972,1011,2972,0,132
영림몰딩도어,39943,70,181,70,181,0,8
영림산업,39028,711,3995,711,3995,0,156
영림임업,39026,1167,4072,1167,4072,0,174
영사목장 앞,90390,1,22,1,22,0,0
영사목장 앞,90391,1,2,1,2,0,0
영선고등학교,40853,5,1252,5,1252,0,41
영은교회,43037,58,34,58,34,0,3
영은교회,43139,6,110,6,110,0,3
영은슈퍼,89052,8,967,8,967,0,32
영은슈퍼,89064,1084,19,1084,19,0,36
영음교회.효성해링턴플레이스,41422,3030,443,3026,443,4,115
영종KCC스위첸.한양수자인,35449,503,3764,503,3764,0,142
영종KCC스위첸옆문,35755,929,9564,929,9564,0,349
영종KCC스위첸옆문,35756,8634,591,8634,591,0,307
영종LH2단지,35483,1606,1886,1606,1886,0,116
영종LH67단지,35872,892,1306,892,1306,0,73
영종LH67단지,35873,1923,950,1923,950,0,95
영종LH아파트입구,35390,268,143,268,143,0,13
영종e편한세상센텀베뉴·센트럴푸르지오자이,35660,6196,3932,6196,3932,0,337
영종e편한세상센텀베뉴·화성파크드림2차,35886,4298,4708,4298,4708,0,300
영종고등학교,35493,3126,3480,3126,3480,0,220
영종고등학교,35496,2443,2502,2443,2502,0,164
영종공원묘지입구,35626,0,29,0,29,0,0
영종공원묘지입구,35627,15,11,15,11,0,0
영종교회,35306,358,329,358,329,0,22
영종교회,35545,1041,772,1041,772,0,60
영종국제병원,35881,675,2649,675,2649,0,110
영종대교휴게소,42942,1,57,1,57,0,1
영종대교휴게소,42943,37,14,37,14,0,1
영종동행정복지센터,35672,157,260,157,260,0,13
영종동행정복지센터,35673,93,60,93,60,0,5
영종물류고등학교·영종자이아파트,35314,4646,4332,4644,4332,2,299
영종물류고등학교앞·영종자이아파트,35307,6039,4293,6032,4293,7,344
영종버스공영차고지,35837,48,3,48,3,0,1
영종버스공영차고지,35838,2,161,2,161,0,5
영종블루오션,35819,210,168,210,168,0,12
영종블루오션,35820,91,190,91,190,0,9
영종블루오션2차,35876,2833,1945,2833,1945,0,159
영종블루오션2차,35877,2170,3159,2170,3159,0,177
영종선착장입구,35833,4830,3119,4824,3119,6,264
영종선착장입구,35834,32,348,32,348,0,12
영종성당.정도사,35850,29,43,29,43,0,2
영종성당.정도사,35851,4,17,4,17,0,0
영종센트럴푸르지오자이·e편한세상센텀베뉴,35661,6035,4827,6035,4827,0,362
영종소방서,35765,3,61,3,61,0,2
영종아레나,35830,138,4,138,4,0,4
영종아레나,35831,0,207,0,207,0,6
영종역,35566,63705,1763,63695,1763,10,2182
영종역,35567,3890,38840,3881,38840,9,1424
영종역(2번출구),35870,37,2709,35,2709,2,91
영종역(청라행),35620,54,13926,54,13926,0,466
영종역사관,35624,260,199,260,199,0,15
영종역사관,35625,133,253,133,253,0,12
영종유승한내들스카이스테이,35759,2282,804,2282,804,0,102
영종유승한내들스카이스테이,35760,1155,1572,1155,1572,0,90
영종자이아파트,35835,37,160,37,160,0,6
영종자이아파트,35836,448,120,448,120,0,18
영종장로교회,35580,49,106,49,106,0,5
영종장로교회,35581,73,60,72,60,1,4
영종주공7단지,35111,1309,1612,1309,1612,0,97
영종주야간보호센터,35854,10,8,10,8,0,0
영종주야간보호센터,35855,4,0,4,0,0,0
영종중학교,35463,2257,2309,2257,2309,0,152
영종중학교,35464,6032,1708,6031,1708,1,258
영종진공원,35276,1389,571,1389,571,0,65
영종진공원,35279,293,2038,293,2038,0,77
영종풍림아이원1차,35110,42,169,42,169,0,7
영종하늘도서관,35585,1489,902,1489,902,0,79
영종하늘도서관,35586,998,1100,998,1100,0,69
영종화성파크드림2차·e편한세상센텀베뉴,35885,3865,3153,3865,3153,0,233
영종힐스테이트(904동),35880,550,1234,550,1234,0,59
영진아파트,40551,127,577,127,577,0,23
영창한의원,40452,7449,6135,7449,6135,0,452
영풍아파트,36040,9519,2926,9491,2926,28,414
영풍아파트,39546,31,308,30,308,1,11
영흥감리교회입구,44201,36,28,36,28,0,2
영흥공립어린이집,44205,9,12,9,12,0,0
영흥대교입구,44100,0,2,0,2,0,0
영흥대교입구,44180,0,5,0,5,0,0
영흥면사무소,44131,3,18,2,18,1,0
영흥면사무소,44181,8,11,8,11,0,0
영흥버스터미널,44004,4432,3837,4432,3837,0,275
영흥버스터미널,44116,1218,911,1163,911,55,70
영흥빌라,44182,4,0,2,0,2,0
영흥수협공판장입구,44009,407,3,407,3,0,13
영흥수협공판장입구,44010,3,659,3,659,0,22
영흥어린이집,44137,19,34,12,34,7,1
영흥우체국,44107,14,27,14,27,0,1
영흥우체국,44183,26,15,26,15,0,1
영흥종합운동장앞,44120,16,39,16,39,0,1
영흥종합운동장앞,44192,26,1,25,1,1,0
영흥초교입구,44101,7,2,7,2,0,0
영흥초교입구,44184,2,26,2,26,0,0
영흥칼국수,44136,3,7,0,7,3,0
영흥플로레도커피,44144,7,16,7,16,0,0
영흥플로레도커피,44185,4,4,4,4,0,0
예단포,35319,138,365,137,365,1,16
예단포,35395,462,212,460,212,2,22
예단포물양장,35622,186,4,185,4,1,6
예단포물양장,35623,38,178,37,178,1,7
예드림빌라입구,35546,51,12,51,12,0,2
예드림빌라입구,35547,15,61,15,61,0,2
예림임업,39053,22,445,22,445,0,15
예림임업,39054,242,95,242,95,0,11
예비군교육장,41272,904,1693,904,1693,0,86
예비군교육장,41273,2391,3462,2391,3462,0,195
예비군교육장입구,90010,37,1,37,1,0,1
예비군교육장입구,90011,0,33,0,33,0,1
예비군훈련장,43201,178,14,176,14,2,6
예비군훈련장,43315,26,136,26,136,0,5
예송중학교,38592,2241,1639,2241,1639,0,129
예송중학교,38593,2231,2740,2224,2740,7,165
예술회관사거리,37254,3106,6383,3080,6383,26,316
예술회관역,39206,3516,10749,3516,10749,0,475
예술회관역(4번출구),39207,5280,5563,5280,5563,0,361
예원앞,41499,44,170,44,170,0,7
예원앞,41515,76,0,75,0,1,2
옐림교회,40854,5898,5510,5898,5510,0,380
옐림교회앞,35684,19,55,19,55,0,2
옐림교회앞,35694,71,42,70,42,1,3
오공본드,39108,4577,3324,4577,3324,0,263
오관물입구,35860,2,12,2,12,0,0
오두돈대,43361,91,6,84,6,7,3
오두돈대,43536,11,57,11,57,0,2
오두리(넙성입구),43638,16,22,16,22,0,1
오두리(넙성입구),43675,17,42,17,42,0,1
오두리종점,43137,94,28,94,28,0,4
오두리종점,43529,25,101,25,101,0,4
오두마을입구,43557,7,0,7,0,0,0
오두마을입구,43647,0,11,0,11,0,0
오라니마을,80360,90,133,88,133,2,7
오류골,43013,251,89,250,89,1,11
오류골,43014,52,216,52,216,0,8
오류내,43389,5,451,5,451,0,15
오류내,43757,469,18,460,18,9,16
오류동마을,41353,1459,752,1459,752,0,73
오류동마을,41354,918,2771,918,2771,0,122
오류동역입구,89058,1,48,1,48,0,1
오류동역입구,89066,56,382,54,382,2,14
오리정,80125,895,146,895,146,0,34
오리정,80126,152,824,152,824,0,32
오상리고인들,43265,24,7,24,7,0,1
오상리고인들,43379,17,44,17,44,0,2
오상입구,43119,34,13,33,13,1,1
오상입구,43120,3,36,3,36,0,1
오상입구,43390,7,102,7,102,0,3
오상입구,43565,78,13,76,13,2,3
오성교회,43555,35,0,35,0,0,1
오성교회,43853,1,42,1,42,0,1
오성아파트,40480,6099,1887,6095,1887,4,266
오성아파트,40487,1642,4580,1638,4580,4,207
오성아파트,40493,560,1841,560,1841,0,80
오성아파트,40721,199,571,198,571,1,25
오성정밀,39490,396,670,396,670,0,35
오이도역,70031,814,5871,814,5871,0,222
오이도역,70032,5446,785,5446,785,0,207
오정휴먼시아(중),57044,419,2867,419,2867,0,109
오정휴먼시아(중),57045,2866,354,2866,354,0,107
오조산공원,41246,1779,1208,1779,1208,0,99
오조산공원,41249,3463,3379,3443,3379,20,228
오조산공원,41621,24,417,19,417,5,14
옥골.옥토끼우주센터,43033,128,248,128,248,0,12
옥골.옥토끼우주센터,43561,105,61,105,61,0,5
옥골사거리,38731,460,3913,460,3913,0,145
옥골사거리,38732,256,136,255,136,1,13
옥금말,43952,123,12,94,12,29,4
옥금말,43953,8,103,8,103,0,3
옥련1동행정복지센터,38217,8873,4957,8867,4957,6,461
옥련2동행정복지센터(옥련우체국),38450,2472,204,2472,204,0,89
옥련2동행정복지센터(옥련우체국),38451,536,1921,536,1921,0,81
옥련고개,38212,1337,3524,1335,3524,2,162
옥련고개,38219,1483,1333,1480,1333,3,93
옥련동성당,38330,867,2439,867,2439,0,110
옥련사거리,38170,976,1232,976,1232,0,73
옥련사거리,38171,1968,2292,1968,2292,0,142
옥련여고입구,38271,821,662,818,662,3,49
옥련여고입구,38273,671,2840,668,2840,3,117
옥련중학교,38470,2521,4391,2490,4391,31,230
옥련지구대,38223,1037,4547,1037,4547,0,186
옥련초등학교,38146,3999,4797,3999,4797,0,293
옥림교회,43202,41,0,41,0,0,1
옥림교회,43716,1,54,1,54,0,1
옥림슈퍼,43205,213,22,211,22,2,7
옥림슈퍼,43720,17,85,16,85,1,3
옥림에덴,90418,12,117,11,117,1,4
옥림에덴,90419,12,2,12,2,0,0
온누리병원,42425,275,1028,271,1028,4,43
온수교차로,90231,0,77,0,77,0,2
온수리,43018,4386,1860,4367,1860,19,208
온수리,43020,2871,3122,2855,3122,16,199
온수시장,43019,65,39,61,39,4,3
온수시장,43095,16,198,15,198,1,7
올리브백화점,39359,3215,1595,3207,1595,8,160
올리브백화점,39363,1819,1946,1802,1946,17,125
올리브백화점,39364,13734,13799,13734,13799,0,917
올리브백화점,39589,16442,17987,16442,17987,0,1147
올리브백화점,39746,14206,18726,14186,18726,20,1097
올리브백화점,39747,22624,24604,22582,24604,42,1574
올림픽공원,39209,3252,4274,3249,4274,3,250
올림픽공원,39210,299,735,295,735,4,34
올림픽생활기념관,39349,5426,5837,5419,5837,7,375
옹장골,43171,6,61,6,61,0,2
옹장골,43230,144,2,143,2,1,4
옹진군청,37019,1514,2401,1511,2401,3,130
옹진군청,37020,7549,1014,7547,1014,2,285
완정공단입구,42409,5513,3726,5513,3726,0,307
완정사거리,42561,31388,8314,31388,8314,0,1323
완정사거리,42562,242,2003,242,2003,0,74
완정역,42673,12146,42435,12146,42435,0,1819
완정역,42674,10079,24024,10079,24024,0,1136
완정초등학교.검단도서관,42414,3297,5988,3297,5988,0,309
완정초등학교.검단도서관,42415,3859,5119,3859,5119,0,299
왕궁가든,41289,2238,2807,2225,2807,13,168
왕궁가든,41291,2401,3671,2399,3671,2,202
왕길고가,42551,690,25,690,25,0,23
왕길고가,42552,2,726,2,726,0,24
왕길동,42386,20,404,18,404,2,14
왕길동,42387,212,188,212,188,0,13
왕길동(기점),42699,668,25,668,25,0,23
왕길동종점,42594,10,354,10,354,0,12
왕리물,90098,0,3,0,3,0,0
왕리물,90099,4,0,4,0,0,0
왕산골,35490,61,269,61,269,0,11
왕산골,35491,231,40,230,40,1,9
왕산교,35632,86,33,86,33,0,3
왕산교,35633,3,57,3,57,0,2
왕산차고지,35403,1073,266,1071,266,2,44
왕산차고지,35720,92,72,89,72,3,5
왕산해수욕장(왕산요트경기장),35020,1082,156,1079,156,3,41
왕산해수욕장(왕산요트경기장),35021,209,1051,208,1051,1,42
외1리마을회관앞,44096,16,42,16,42,0,1
외1리마을회관앞,44186,4,1,4,1,0,0
외1리소장골,44133,42,37,39,37,3,2
외뜰,43687,11,8,9,8,2,0
외뜰,43745,10,19,10,19,0,0
외리보건지소앞,44095,7,23,7,23,0,1
외리보건지소앞,44187,2,0,2,0,0,0
외주,43181,99,6,99,6,0,3
외주,43241,1,137,1,137,0,4
외포1리,43283,14,95,14,95,0,3
외포고개,43244,17,82,17,82,0,3
외포고개,43366,2,122,2,122,0,4
외포리,43556,2100,1906,2068,1906,32,133
외포리(싱싱마트),90376,55,18,55,18,0,2
외포리(하나로마트),90387,10,167,8,167,2,5
외포리(하나로마트),90388,179,35,174,35,5,7
외포리소공원,90127,6,8,6,8,0,0
외포리소공원,90128,1,45,1,45,0,1
외포리정미소,43240,95,9,93,9,2,3
외포삼거리,43110,369,115,359,115,10,16
외포삼거리,43285,6,148,6,148,0,5
요곡,43655,150,190,141,190,9,11
요곡,43762,107,44,103,44,4,5
요골,43590,65,0,63,0,2,2
요골,43780,0,9,0,9,0,0
용갈비,40338,98,2663,98,2663,0,92
용구물길,90385,0,44,0,44,0,1
용구물길,90386,5,0,5,0,0,0
용궁사입구,35578,297,1021,297,1021,0,43
용궁사입구,35579,812,86,802,86,10,29
용남시장,37232,17035,14096,17007,14096,28,1037
용남시장,37236,16883,18531,16863,18531,20,1180
용남파출소,37177,7604,2504,7602,2504,2,336
용남파출소,37184,4281,10567,4279,10567,2,494
용담공원,38172,1458,2149,1458,2149,0,120
용담공원,38177,2663,1501,2663,1501,0,138
용담마을,38191,4459,5724,4459,5724,0,339
용담마을,38192,5237,3143,5237,3143,0,279
용담바다낚시터,44132,0,1,0,1,0,0
용담어촌계앞,44097,15,13,14,13,1,0
용담어촌계앞,44189,6,1,6,1,0,0
용당사터,43537,97,2,91,2,6,3
용당사터,43677,6,50,6,50,0,1
용유동행정복지센터,35017,73,43,73,43,0,3
용유동행정복지센터,35211,33,123,33,123,0,5
용유동행정복지센터,35411,162,332,162,332,0,16
용유동행정복지센터,35412,316,138,316,138,0,15
용유역,35433,310,1157,309,1157,1,48
용유초등학교,35022,286,63,286,63,0,11
용유초등학교,35023,65,394,65,394,0,15
용유초등학교,35409,108,639,108,639,0,24
용유초등학교삼거리,35410,562,68,561,68,1,21
용일사거리,37208,28374,21565,28345,21565,29,1664
용일사거리,37218,26355,28199,26326,28199,29,1818
용일사거리,37251,1024,1297,1024,1297,0,77
용일초등학교,37233,12038,8109,12029,8109,9,671
용일초등학교,37237,7425,15570,7401,15570,24,766
용정리 사거리,43721,0,179,0,179,0,5
용정마을회관,43370,0,66,0,66,0,2
용정마을회관,43615,287,0,285,0,2,9
용정초등학교,37297,1196,774,1196,774,0,65
용정초등학교,37299,730,1896,730,1896,0,87
용진주택,43084,289,78,286,78,3,12
용진주택,43085,24,22,24,22,0,1
용진진,43639,0,34,0,34,0,1
용진진,43678,31,4,30,4,1,1
용현2동행정복지센터,37653,1701,234,1701,234,0,64
용현2동행정복지센터,37654,340,2075,340,2075,0,80
용현3동행정복지센터.보훈병원,37221,24845,17430,24771,17430,74,1409
용현3동행정복지센터.보훈병원,37224,12438,15568,12406,15568,32,933
용현5동행정복지센터,37129,341,877,341,877,0,40
용현고가교,37550,210,2199,210,2199,0,80
용현고가교,37611,13103,1260,13103,1260,0,478
용현고개,37178,7304,8408,7299,8408,5,523
용현고개,37497,9198,7709,9194,7709,4,563
용현동농협,37117,458,2731,458,2731,0,106
용현동상우빌라,37564,4,704,4,704,0,23
용현동상우빌라,37565,738,88,736,88,2,27
용현동성원상떼빌아파트,37546,503,1009,503,1009,0,50
용현사거리,37212,2742,1809,2738,1809,4,151
용현사거리,37213,1618,4178,1596,4178,22,193
용현시장,37227,22948,28270,22935,28270,13,1707
용현시장,37230,24500,15931,24484,15931,16,1347
용현시장,37268,5940,3715,5916,3715,24,321
용현시장,37270,4231,5666,4211,5666,20,329
용현아파트,37153,12,342,12,342,0,11
용현중학교,37021,3312,679,3308,679,4,133
용현중학교,37028,1066,2464,1065,2464,1,117
용현초등학교,37508,2,825,2,825,0,27
용현초등학교입구,37128,10476,3967,10425,3967,51,481
용현초등학교입구,37134,6736,13689,6711,13689,25,680
용화사(길상낚시터),90077,16,49,16,49,0,2
용화사(길상낚시터),90080,54,46,54,46,0,3
우뢰촌,43425,147,44,147,44,0,6
우뢰촌,43792,81,92,76,92,5,5
우리자동차,35223,813,229,752,229,61,34
우림라이온스밸리,40592,292,4857,292,4857,0,171
우림라이온스밸리,40594,8169,1267,8167,1267,2,314
우림필유아파트,42924,3293,1490,3293,1490,0,159
우림필유아파트,42925,1173,2658,1173,2658,0,127
우물골,43929,52,61,52,61,0,3
우물골,43930,33,69,31,69,2,3
우미린1단지정문,35583,2840,889,2838,889,2,124
우미린1단지정문,35584,1378,2821,1377,2821,1,139
우미린1단지후문,35461,1973,5399,1973,5399,0,245
우미린1단지후문,35462,6315,1065,6315,1065,0,246
우미린2단지정문,35512,4956,1505,4956,1505,0,215
우미린2단지정문,35513,1854,5888,1854,5888,0,258
우미린2단지후문,35454,3140,1062,3140,1062,0,140
우미린더시그니처(후문),89443,2952,350,2952,350,0,110
우성1차아파트,38094,4573,4999,4573,4999,0,319
우성1차아파트,39834,442,11,442,11,0,15
우성2차아파트(옥련동),38356,3018,857,3018,857,0,129
우성2차아파트·원인재역(4번출구),38150,3149,7386,3130,7386,19,351
우성4차,40185,6245,255,6245,255,0,216
우성4차,40187,174,5800,174,5800,0,199
우성4차후문,40730,190,2388,190,2388,0,85
우성4차후문,40731,2731,190,2731,190,0,97
우성아파트,38143,4857,2258,4857,2258,0,237
우성아파트,38357,1017,2508,1017,2508,0,117
우성아파트,40341,989,1549,989,1549,0,84
우성아파트,42717,3268,5906,3268,5906,0,305
우성아파트,42718,2734,2596,2734,2596,0,177
우성아파트.은행교회,70026,538,41,538,41,0,19
우저서원(대성주유소),35214,73,95,73,95,0,5
우저서원(대성주유소),35215,80,747,80,747,0,27
우정아파트,37675,220,318,220,318,0,17
우주골드타운빌라,40863,747,1233,747,1233,0,66
우주골드타운빌라,40864,355,1175,355,1175,0,51
우주아파트,38252,7266,8519,7266,8519,0,526
우진기계,89106,0,285,0,285,0,9
우진아파트,37158,2756,2447,2756,2447,0,173
우진아파트,37159,558,3423,558,3423,0,132
우체국사거리,39694,1023,1828,1023,1828,0,95
우체국사거리,39695,1843,795,1843,795,0,87
우체국사거리,39704,2496,2195,2496,2195,0,156
욱일아파트후문,40877,1731,2401,1731,2401,0,137
운남교차로,35435,67,124,67,124,0,6
운남교차로,35444,151,132,151,132,0,9
운남교차로,35524,92,45,91,45,1,4
운남교차로,35582,26,34,24,34,2,2
운남교차로 입구,35839,13,33,11,33,2,1
운남교차로 입구,35840,24,21,24,21,0,1
운남교차로.잔다리,35595,543,325,543,325,0,28
운남교차로.잔다리,35596,288,688,288,688,0,32
운남동,35268,305,294,305,294,0,19
운남동,35281,329,290,329,290,0,20
운남동우체국,35848,369,235,369,235,0,20
운남동우체국,35849,254,500,254,500,0,25
운남초교사거리,35706,24,192,24,192,0,7
운남초교사거리,35707,409,208,409,208,0,20
운북공영차고지,35779,451,3,451,3,0,15
운북공영차고지,35783,0,537,0,537,0,17
운서2차SKVIEW스카이시티,35882,3670,1322,3669,1322,1,166
운서2차SKVIEW스카이시티,35883,1683,3507,1683,3507,0,173
운서SKVIEW 스카이시티,35780,91,173,91,173,0,8
운서SKVIEW·세계로향하는교회,35781,144,261,144,261,0,13
운서역,35242,29190,15757,29190,15757,0,1498
운서역,35257,8336,17552,8336,17552,0,862
운서역(남동측),35775,502,824,502,824,0,44
운서역(남동측),35776,1035,1087,1035,1087,0,70
운서역(하워드존슨호텔),35747,5265,5184,5265,5184,0,348
운서역금강펜테리움아파트,35482,2259,1132,2259,1132,0,113
운서역반도유보라,35878,2863,2699,2863,2699,0,185
운서역반도유보라,35879,2054,1723,2054,1723,0,125
운서초등학교,35270,6942,2609,6942,2609,0,318
운서초등학교,35282,2542,4400,2542,4400,0,231
운양역,80348,201,615,201,615,0,27
운양역,80351,297,121,297,121,0,13
운연동,39374,859,904,859,904,0,58
운연동,39379,769,679,769,679,0,48
운연동,39673,46,22,46,22,0,2
운연삼거리,39987,1128,2465,1128,2465,0,119
운연삼거리,39988,98,755,98,755,0,28
운연역,39954,11018,12689,11018,12689,0,790
운연역,92026,6467,7082,6467,7082,0,451
운연천,92027,431,1108,431,1108,0,51
운연천,92028,610,360,610,360,0,32
운전면허시험장,39005,2339,1109,2339,1109,0,114
울레기,43179,25,244,25,244,0,8
울레기,43548,292,16,286,16,6,10
웃말,90169,5,9,5,9,0,0
웃말,90170,7,14,7,14,0,0
원당고등학교,42459,3147,3183,3146,3183,1,211
원당교,89485,331,169,331,169,0,16
원당교,89486,108,1717,108,1717,0,60
원당사거리.검단선사박물관,42446,18552,8791,18547,8791,5,911
원당사거리.검단선사박물관,42447,11473,18286,11472,18286,1,991
원당중고등학교,42460,55,271,55,271,0,10
원당중고등학교,42462,189,248,189,248,0,14
원동초등학교,39656,1875,7124,1873,7124,2,299
원동초등학교,39657,9703,2099,9696,2099,7,393
원성골,35434,71,221,71,221,0,9
원성골,35445,82,269,82,269,0,11
원수리마을,90251,1,3,1,3,0,0
원수리마을,90252,7,3,7,3,0,0
원인재역(1번출구),38162,2009,7084,2008,7084,1,303
원인재역(4번출구),38153,10699,3234,10685,3234,14,464
원인재역(6번출구),38166,7097,2536,7094,2536,3,321
원적산터널,40821,1767,3273,1767,3273,0,168
원적산터널,40822,2252,3448,2252,3448,0,190
원적산터널서측,42666,4970,3992,4965,3992,5,298
원적산터널서측,42667,3770,3504,3769,3504,1,242
원종IC(중),57046,51,2914,51,2914,0,98
원종IC(중),57047,1171,79,1171,79,0,41
원진운수차고지,89003,687,105,687,105,0,26
원진운수차고지,89004,79,776,78,776,1,28
원창동(기점),89143,497,2,497,2,0,16
원창동(기점),89144,30,2861,30,2861,0,96
원창동(종점),42183,15,1045,12,1045,3,35
원창동(종점),42184,786,192,754,192,32,32
원창동차고지,89515,82,127,38,127,44,6
원창로89번길,89505,1833,39,1833,39,0,62
원흥아파트,38131,23224,15386,23169,15386,55,1287
원흥아파트,38336,32321,22858,32286,22858,35,1839
원흥아파트,42793,51,5,51,5,0,1
월곳삼거리,43188,0,60,0,60,0,2
월곳삼거리,43619,86,0,84,0,2,2
월곶동주민센터.월곶포구,70006,705,186,695,186,10,29
월곶동주민센터.월곶포구,70005,255,1381,254,1381,1,54
월곶어울림센터,25095,151,98,142,98,9,8
월드메르디앙아파트,42161,4031,4495,4029,4495,2,284
월드메르디앙아파트,42163,5890,3385,5889,3385,1,309
월드아파트,42499,7409,10519,7406,10519,3,597
월드아파트,42500,12508,6055,12507,6055,1,618
월미공원,35138,93,1166,93,1166,0,41
월미공원,35572,317,39,317,39,0,11
월미공원역,35345,196,5560,196,5560,0,191
월미공원역,35346,7727,359,7725,359,2,269
월미도,35148,38040,258,37958,258,82,1276
월미도(시티투어),35144,1287,17475,1265,17475,22,625
월미도문화관,35558,1732,55,1727,55,5,59
월미도종점,35368,177,7997,177,7997,0,272
월미문화의거리,35132,24,4000,24,4000,0,134
월미문화의거리,35219,3757,28,3757,28,0,126
월미테마파크,35128,94,13268,94,13268,0,445
월미테마파크,35502,6523,43,6523,43,0,218
월선포,90040,9,48,9,48,0,1
월선포,90041,147,200,143,200,4,11
웨딩타운,22061,213,3,213,3,0,7
웨딩타운,23077,0,30,0,30,0,1
웰카운티,38352,1833,5279,1833,5279,0,237
웰카운티,38353,10903,1803,10903,1803,0,423
웰카운티,42772,1734,4192,1726,4192,8,197
웰카운티17단지,89182,3311,321,3311,321,0,121
웰카운티17단지,89183,626,3010,626,3010,0,121
웰카운티1단지,38648,953,3441,953,3441,0,146
웰카운티1차,42746,1861,1477,1861,1477,0,111
웰카운티1차,42764,2243,1284,2243,1284,0,117
웰카운티2단지,38709,835,705,834,705,1,51
웰카운티4단지,38446,656,283,655,283,1,31
웰카운티4단지,38447,246,1226,246,1226,0,49
윗말,43488,4,7,4,7,0,0
윗말,43839,5,5,5,5,0,0
윗망월,43335,1,96,1,96,0,3
윗망월,43578,121,0,114,0,7,4
유니온프라자,42113,12661,7613,12600,7613,61,675
유림골프장,41469,3,812,3,812,0,27
유림골프장,41667,654,3,654,3,0,21
유성아파트,43086,109,841,109,841,0,31
유성아파트,43087,765,97,765,97,0,28
유수지,39010,698,835,698,835,0,51
유수지,39011,724,2186,724,2186,0,97
유수지근린공원,39019,1134,915,1134,915,0,68
유수지근린공원,39020,634,882,634,882,0,50
유수지길,39003,1192,2330,1192,2330,0,117
유수지길,39004,1625,982,1625,982,0,86
유승아파트,42397,2658,498,2653,498,5,105
유승아파트,42398,498,2622,497,2622,1,104
유승아파트(삼성홈타운아파트),41003,3875,3144,3870,3144,5,233
유승아파트(삼성홈타운아파트),41004,3283,3547,3278,3547,5,227
유승아파트(삼성홈타운아파트),41005,6682,2255,6674,2255,8,297
유승아파트(삼성홈타운아파트),41006,1737,6373,1729,6373,8,270
유승아파트(삼성홈타운아파트),41583,0,291,0,291,0,9
유승한내들에듀파크,89520,1146,1226,1146,1226,0,79
유원아파트,37163,5998,10208,5950,10208,48,540
유원아파트,37172,12374,4667,12349,4667,25,568
유진시스템앞,40676,855,4152,855,4152,0,166
유진시스템앞,40678,1761,950,1761,950,0,90
유진투자증권.파이낸셜뉴스신문,19283,1135,24,1135,24,0,38
유천아파트,38254,976,763,976,763,0,57
유천아파트,38266,7745,5362,7745,5362,0,436
유천아파트후문,38265,404,1091,404,1091,0,49
유현마을.신동아아파트,80001,169,342,169,342,0,17
유현마을.신동아아파트,80073,354,22,354,22,0,12
유현사거리,42484,7048,13560,7048,13560,0,686
유현사거리,42487,7464,5796,7464,5796,0,442
유호엔시티.논현푸르지오,39823,31,1973,30,1973,1,66
육골,18805,1,85,1,85,0,2
육골,62030,0,1,0,1,0,0
윤성아파트,38307,298,1501,296,1501,2,59
윤성아파트(인항고교),37011,2509,3775,2507,3775,2,209
윤성아파트(인항고교),37012,3341,1632,3341,1632,0,165
율도근린공원,89339,328,90,328,90,0,13
율도근린공원,89340,339,465,339,465,0,26
율도근린공원입구,89428,166,225,166,225,0,13
율도근린공원입구,89429,147,129,147,129,0,9
율도입구,42188,1782,877,1782,877,0,88
율도입구,42190,830,1433,830,1433,0,75
율목동행정복지센터,35787,34,107,34,107,0,4
율목동행정복지센터,35801,73,25,73,25,0,3
율목오거리,35786,46,49,46,49,0,3
율목오거리,35802,95,38,95,38,0,4
율생리입구,80016,234,1209,231,1209,3,48
율생리입구,80017,1167,216,1160,216,7,46
은계초등학교.사랑스러운교회,70025,1451,25,1451,25,0,49
은골공원,35599,1583,2499,1583,2499,0,136
은골공원,35600,2197,2537,2197,2537,0,157
은골사거리,35309,272,243,267,243,5,17
은당골,90212,22,6,22,6,0,0
은당골,90213,15,16,14,16,1,1
은봉초등학교,39613,12186,2719,12173,2719,13,496
은봉초등학교,39614,2889,12980,2882,12980,7,528
은성아파트,39321,6698,3513,6680,3513,18,340
은성프레미오,39325,1896,4611,1892,4611,4,216
은영빌라,41089,2220,92,2220,92,0,77
은영아파트,42218,3880,2938,3880,2938,0,227
은지초등학교사거리,42365,5293,5869,5291,5869,2,372
은하마을.중흥마을,55069,302,1194,302,1194,0,49
은하목장앞,43274,4,3,4,3,0,0
은하목장앞,43852,0,10,0,10,0,0
은하쌍용아파트,55062,1174,4654,1174,4654,0,194
은행마을,41198,7839,3067,7824,3067,15,363
은행초등학교,70019,3532,629,3530,629,2,138
을왕리해수욕장,35009,5949,536,5949,536,0,216
을왕리해수욕장,35010,1306,6500,1302,6500,4,260
을왕리해수욕장.더위크앤리조트,35015,2938,574,2938,574,0,117
을왕리해수욕장.더위크앤리조트,35016,818,2550,815,2550,3,112
읍내리마을회관입구,90032,0,17,0,17,0,0
읍내리마을회관입구,90033,30,0,29,0,1,1
응곡,43696,34,34,34,34,0,2
응곡,43749,48,46,45,46,3,3
이강리방앗간,43691,128,6,123,6,5,4
이강리방앗간,43832,24,218,24,218,0,8
이건창생가,43145,69,3,64,3,5,2
이건창생가,43434,3,114,3,114,0,3
이규보묘입구,90065,131,34,130,34,1,5
이규보묘입구,90389,29,122,29,122,0,5
이대역,22015,4971,58,4971,58,0,167
이대역,22057,3145,48,3145,48,0,106
이대역,23036,69,6111,69,6111,0,206
이마트,41122,4378,17650,4378,17650,0,734
이마트,41125,25864,8906,25835,8906,29,1159
이마트송림점,36098,5256,7090,5253,7090,3,411
이마트송림점,36100,7143,4776,7142,4776,1,397
이안송도,38409,25042,6886,25042,6886,0,1064
이영화학,39644,2616,922,2616,922,0,117
이음1로.모아미래도엘리트파크,89514,1385,1221,1385,1221,0,86
이음1로.예미지더시그너스,89513,3384,1963,3384,1963,0,178
이음2로.디에트르더펠리체,89509,1320,144,1320,144,0,48
이음2로.파라곤센트럴파크,89510,183,1643,183,1643,0,60
이음5로.금호어울림센트럴,89433,1210,5947,1210,5947,0,238
이음5로.우미린더시그니처,89432,4841,2130,4841,2130,0,232
이음대로.대성베르힐,89440,18221,2325,18206,2325,15,684
이음대로.대성베르힐,89441,3169,26857,3167,26857,2,1000
이음대로.디에트르더펠리체,89438,8972,1749,8971,1749,1,357
이음대로.호반써밋,89439,3474,12451,3466,12451,8,530
이촌,43312,0,2,0,2,0,0
이촌,43768,9,0,8,0,1,0
이토상가,39196,7632,1952,7632,1952,0,319
이현(이강리교회),43661,15,182,15,182,0,6
이현(이강리교회),43690,187,7,177,7,10,6
이화1동입구,41487,130,127,130,127,0,8
이화1동입구,41506,49,4,49,4,0,1
이화2동마을회관,41484,7,18,7,18,0,0
이화2동마을회관,41504,83,65,82,65,1,4
이화2동회차지,41486,17,7,17,7,0,0
이화교회앞,41489,39,18,39,18,0,1
이화동노인정,41490,66,36,61,36,5,3
이화동다리,41479,67,238,66,238,1,10
이화동다리,41516,522,18,522,18,0,18
이화진등마을경로당,41601,61,81,58,81,3,4
인고앞,37318,3247,6394,3247,6394,0,321
인고앞,37338,7014,4095,7009,4095,5,370
인고체육관,37305,9421,4935,9421,4935,0,478
인고체육관(동양장사거리),37309,6171,7083,6168,7083,3,441
인내마을,90181,10,27,10,27,0,1
인내마을,90182,18,6,18,6,0,0
인명여자고등학교,37199,33627,4403,33626,4403,1,1267
인명여자고등학교,37205,9454,43825,9453,43825,1,1775
인사리군부대앞,90268,10,29,10,29,0,1
인사리군부대앞,90270,18,0,18,0,0,0
인사리마을회관,90267,1,11,1,11,0,0
인사리마을회관,90271,15,0,15,0,0,0
인사리우무렛골,90266,3,38,3,38,0,1
인사리인현경로당앞,90269,42,38,42,38,0,2
인사리지석교회,90272,2,3,2,3,0,0
인산저수지,43354,143,71,142,71,1,7
인산저수지,43575,82,128,82,128,0,7
인삼농협앞,80305,18,267,18,267,0,9
인삼농협앞,80306,344,10,341,10,3,11
인성여자고등학교,35793,126,817,126,817,0,31
인성여자고등학교,35808,30,462,30,462,0,16
인송빌라,40241,2801,27,2801,27,0,94
인수초등학교,39386,10896,10435,10896,10435,0,711
인수초등학교,39392,14298,12869,14298,12869,0,905
인스파이어리조트,35899,5,59,5,59,0,2
인스파이어리조트,35900,45,21,45,21,0,2
인스파이어리조트주차장,35901,7,13,7,13,0,0
인스파이어리조트주차장,35902,20,5,20,5,0,0
인썸호텔,44134,25,17,25,17,0,1
인아교회,35091,1098,148,1098,148,0,41
인아교회,35094,237,1078,237,1078,0,43
인재개발원,42281,1470,2316,1469,2316,1,126
인재개발원,42282,2165,1326,2162,1326,3,116
인제고등학교,39548,475,1510,462,1510,13,66
인천가정법원.인천지방법원등기국,37405,10054,12963,10041,12963,13,767
인천가정법원.인천지방법원등기국,37409,24499,21801,24483,21801,16,1543
인천가족공원입구,39493,805,702,805,702,0,50
인천가족공원입구,39495,1099,1976,1099,1976,0,102
인천가족공원입구,92059,2036,1416,2029,1416,7,115
인천가톨릭대학교,39931,3258,2232,3258,2232,0,183
인천가톨릭대학교(카펠라관),38778,126,5,126,5,0,4
인천경로당앞,90226,22,16,22,16,0,1
인천경로당앞,90227,8,11,8,11,0,0
인천경연초중학교,89347,100,291,100,291,0,13
인천공항T1(1층13B),35205,39502,365,39502,365,0,1328
인천공항T1(1층2A),35344,46980,3035,46980,3035,0,1667
인천공항T1(1층2B),35202,24516,5882,24516,5882,0,1013
인천공항T1(3층13번),35556,1903,19529,1903,19529,0,714
인천공항T1(3층14번),35753,3494,6876,3494,6876,0,345
인천공항T1(3층2번),35032,3675,47427,3675,47427,0,1703
인천공항T1(3층6번),35752,9716,20133,9716,20133,0,994
인천공항T1(3층7번),35203,17644,56457,17626,56457,18,2470
인천공항T1-3층,35325,3,19,3,19,0,0
인천공항T1장기주차장,35895,44,1,44,1,0,1
인천공항T1장기주차장,35896,1,2,1,2,0,0
인천공항T2(1)A(1층),35618,18655,48,18655,48,0,623
인천공항T2(1)번출입구(3층),35614,6677,30982,6677,30982,0,1255
인천공항T2(6)B(1층),35619,4650,156,4650,156,0,160
인천공항T2(8)번출입구(3층),35615,9527,6705,9527,6705,0,541
인천공항T2-3층,35611,28,35,28,35,0,2
인천공항T2-B1층,35612,210,1,210,1,0,7
인천공항전망대,35365,5,72,5,72,0,2
인천공항전망대,35366,56,11,56,11,0,2
인천공항충전소입구,35757,13,60,13,60,0,2
인천공항충전소입구,35758,53,9,53,9,0,2
인천과학예술영재학교,38579,180,126,180,126,0,10
인천과학예술영재학교,38580,35,743,35,743,0,25
인천광역시종합건설본부,37325,7342,5787,7342,5787,0,437
인천교(인천기계산업단지),37449,1159,1003,1158,1003,1,72
인천교(인천기계산업단지),37451,457,1400,451,1400,6,61
인천교삼거리,37453,1870,4799,1848,4799,22,222
인천교삼거리(인천기계산업단지),37452,1499,1181,1484,1181,15,89
인천교통공사,40032,38823,33042,38772,33042,51,2395
인천교회,38676,3007,5566,3004,5566,3,285
인천교회,39260,3080,3773,3078,3773,2,228
인천교회,39261,3618,2460,3607,2460,11,202
인천국민안전체험관,42233,179,475,179,475,0,21
인천국민안전체험관,42234,1168,768,1168,768,0,64
인천국민안전체험관(북측),89516,175,329,175,329,0,16
인천국민안전체험관(북측),89517,135,410,135,410,0,18
인천국제공항,35613,18,0,18,0,0,0
인천국제수산물타운,35815,18,1310,18,1310,0,44
인천국제수산물타운,35816,755,79,749,79,6,27
인천그랜드컨트리클럽,42954,76,817,75,817,1,29
인천그랜드컨트리클럽,42958,2,5,2,5,0,0
인천글로벌캠퍼스,39850,2744,2282,2744,2282,0,167
인천글로벌캠퍼스,39858,2973,2771,2973,2771,0,191
인천기계공고,37272,17850,6927,17850,6927,0,825
인천기계공고,37281,3982,12453,3982,12453,0,547
인천기계산업단지,37579,718,36,718,36,0,25
인천기계산업단지,37580,5,689,5,689,0,23
인천기독병원,35785,236,414,236,414,0,21
인천기독병원,35803,35,165,35,165,0,6
인천나비공원,40849,4463,5878,4365,5878,98,344
인천나비공원,40926,11,0,11,0,0,0
인천남동우체국,39630,7362,7563,7356,7563,6,497
인천남부초.힐스테이트푸르지오,37275,13407,14387,13399,14387,8,926
인천논현역앞,39658,11911,16852,11909,16852,2,958
인천논현역앞,39659,15793,9458,15779,9458,14,841
인천논현중학교,92060,207,1794,205,1794,2,66
인천논현중학교,92061,357,165,352,165,5,17
인천논현중학교,92062,1066,83,1065,83,1,38
인천대검도수련원,43456,0,50,0,50,0,1
인천대검도수련원,43695,42,1,42,1,0,1
인천대공원,39471,16705,2473,16705,2473,0,639
인천대공원,39478,11224,23332,11219,23332,5,1151
인천대공원역,39395,12394,3872,12394,3872,0,542
인천대공원역,39398,242,3028,242,3028,0,109
인천대공원후문(장수동),39442,10534,6332,10534,6332,0,562
인천대입구역,38395,62626,20508,62611,20508,15,2771
인천대입구역,38396,17186,71258,17180,71258,6,2948
인천대입구역.롯데몰,38646,6263,4921,6263,4921,0,372
인천대입구역.롯데몰,38649,3421,3295,3417,3295,4,223
인천대정문,38385,25804,707,25799,707,5,883
인천대정문,38386,1327,23617,1326,23617,1,831
인천대학교공과대학,38376,283,8501,283,8501,0,292
인천대학교공과대학,38377,25354,45,25316,45,38,846
인천대학교공과대학,38499,435,17066,399,17066,36,583
인천대학교북문,38760,2,1260,2,1260,0,42
인천대학교북문,38750,432,84,432,84,0,17
인천대학교송도캠퍼스,38749,22896,3107,22882,3107,14,866
인천대학교송도캠퍼스,38761,14,8723,14,8723,0,291
인천대학교자연과학대학,38375,249,17142,247,17142,2,579
인천대학교자연과학대학,38378,26346,107,26336,107,10,881
인천마전도서관,42556,17,1048,17,1048,0,35
인천만수고등학교,39680,2301,2558,2301,2558,0,161
인천만수고등학교,39681,3185,2719,3185,2719,0,196
인천미래생활고등학교,40470,4444,4883,4444,4883,0,310
인천미래생활고등학교,40474,5565,5504,5565,5504,0,368
인천미래생활고등학교,40483,1143,2063,1143,2063,0,106
인천미래생활고등학교,55032,3025,1490,3025,1490,0,150
인천박문초등학교,38608,349,202,349,202,0,18
인천박문초등학교,38609,163,461,163,461,0,20
인천보건고등학교,42144,2847,4991,2833,4991,14,261
인천보건고등학교,42146,5982,4034,5947,4034,35,333
인천부흥고등학교,40279,1265,648,1265,648,0,63
인천북항관공선부두,89195,70,1261,70,1261,0,44
인천북항관공선부두,89196,656,42,656,42,0,23
인천북항부두운영시설,42953,1,376,1,376,0,12
인천북항부두운영시설,42959,417,21,417,21,0,14
인천뷰티예술고등학교,38052,3413,3930,3404,3930,9,244
인천뷰티예술고등학교,38053,6430,3023,6423,3023,7,315
인천비즈니스고등학교,37421,3967,4001,3959,4001,8,265
인천비즈니스고등학교,37423,5434,5334,5425,5334,9,358
인천비즈니스고등학교,37614,8210,2561,8205,2561,5,359
인천비지니스고등학교,37615,365,2786,365,2786,0,105
인천상공회의소,92041,53,8,53,8,0,2
인천서곶초등학교,89355,638,2,638,2,0,21
인천서곶초등학교,89358,6,1135,6,1135,0,38
인천서부교육지원청,42336,1115,654,1115,654,0,58
인천서부교육지원청,42337,609,1710,609,1710,0,77
인천서부여성회관,42131,2105,1600,2082,1600,23,123
인천서부여성회관,42134,4485,5211,4467,5211,18,323
인천서창동우체국,39820,5414,10016,5414,10016,0,514
인천서창동우체국,39821,9403,2191,9403,2191,0,386
인천서창중학교,39767,5287,5890,5287,5890,0,372
인천서창중학교,39875,7594,3043,7594,3043,0,354
인천성모병원정문,40844,7694,8328,7677,8328,17,534
인천성모병원정문,40857,8944,6889,8936,6889,8,527
인천성모병원종점지주차장,40919,154,4548,154,4548,0,156
인천성모병원후문,40138,1888,7756,1878,7756,10,321
인천성모병원후문,40139,4733,1982,4733,1982,0,223
인천세관통합검사센터(동측),38774,10,1674,10,1674,0,56
인천세관통합검사센터(동측),38775,502,65,501,65,1,18
인천세관통합검사센터(서측),38772,351,412,346,412,5,25
인천세관통합검사센터(서측),38773,39,935,38,935,1,32
인천세무서후문,36179,16,241,16,241,0,8
인천소방본부,37189,5365,9816,5343,9816,22,506
인천소방본부,37191,14114,5816,14080,5816,34,664
인천소방항공대,35809,192,2,192,2,0,6
인천소방항공대,35810,5,267,5,267,0,9
인천송도꿈유치원,38622,5183,48,5183,48,0,174
인천송도꿈유치원,38623,10,5838,10,5838,0,194
인천송일초등학교,38558,706,1644,703,1644,3,78
인천송일초등학교,38575,1576,1852,1574,1852,2,114
인천수산물센터,35069,7756,7401,7683,7401,73,505
인천스타트업파크,38390,2283,967,2283,967,0,108
인천스타트업파크,38394,1063,3304,1063,3304,0,145
인천시청후문,39290,12495,9498,12490,9498,5,733
인천시청후문,39292,11468,12342,11446,12342,22,793
인천아시아드주경기장(동문),89354,831,15,818,15,13,28
인천아시아드주경기장(동문),89359,99,1125,98,1125,1,40
인천아시아드테니스장,89356,491,22,489,22,2,17
인천아시아드테니스장,89357,7,909,5,909,2,30
인천여객터미널,89155,2,198,2,198,0,6
인천여자고등학교,38287,8673,8125,8673,8125,0,559
인천여자고등학교,38289,5089,4933,5089,4933,0,334
인천여자상업고등학교,35139,307,2256,304,2256,3,85
인천여자상업고등학교·이마트,35141,8720,2591,8710,2591,10,377
인천역(차이나타운),35178,35793,23278,35770,23278,23,1969
인천역(차이나타운),35179,26633,34507,26606,34507,27,2038
인천연세병원,42310,2075,2645,2075,2645,0,157
인천연합의원,42601,2273,3763,2271,3763,2,201
인천영어마을,42454,8839,8577,8839,8577,0,580
인천영어마을,42697,9597,16062,9597,16062,0,855
인천영어마을.파라곤센트럴,89437,7203,1767,7198,1767,5,299
인천영어마을앞,89436,224,1110,204,1110,20,44
인천예림학교(인천성모병원),40819,5124,6292,5124,6292,0,380
인천예림학교(인천성모병원),40820,7156,4294,7156,4294,0,381
인천예술고등학교,39332,965,607,953,607,12,52
인천예술고등학교,39533,551,699,544,699,7,41
인천옹진농협본점,35555,7308,4597,7299,4597,9,396
인천옹진농협본점,35797,1144,2016,1143,2016,1,105
인천용학초등학교,37676,2369,15,2369,15,0,79
인천의료원,36093,544,4607,544,4607,0,171
인천의료원,36107,14723,8974,14715,8974,8,789
인천의료원,36108,8993,12252,8983,12252,10,708
인천의료원,37458,4838,867,4837,867,1,190
인천이음중학교,89456,3306,1058,3306,1058,0,145
인천이음초등학교,89399,3326,943,3326,943,0,142
인천이음초등학교,89400,3889,8332,3889,8332,0,407
인천인력개발원,39071,1610,822,1610,822,0,81
인천인력개발원,39072,581,1949,581,1949,0,84
인천적십자병원(풍림아파트),38240,3683,4981,3683,4981,0,288
인천적십자병원(풍림아파트),38339,5491,4425,5491,4425,0,330
인천정보과학고등학교,35175,2617,3728,2617,3728,0,211
인천정보과학고등학교,35183,5227,2273,5222,2273,5,250
인천정보과학고등학교,35800,16,33,16,33,0,1
인천정보과학고등학교,36002,2518,5070,2500,5070,18,252
인천종합수산물센터,35074,4224,253,4178,253,46,149
인천준법지원센터·미추홀트루엘파크,37147,917,380,917,380,0,43
인천준법지원센터·미추홀트루엘파크,37148,211,1095,211,1095,0,43
인천지방법원,37096,5009,6481,4943,6481,66,383
인천지방법원북부지원입구,89434,623,892,623,892,0,50
인천지방법원북부지원입구,89435,67,2065,67,2065,0,71
인천지방중소기업청입구,39087,2950,1189,2950,1189,0,137
인천체육고등학교,89233,290,316,290,316,0,20
인천체육고등학교입구,89048,20,58,20,58,0,2
인천체육고등학교입구,89049,7,118,7,118,0,4
인천축구전용경기장,36184,68,15,68,15,0,2
인천축구전용경기장,37286,2521,2640,2508,2640,13,172
인천축구전용경기장,37303,3921,1743,3909,1743,12,188
인천축구전용경기장(서희스타힐스),37558,477,2407,475,2407,2,96
인천축산농협,40454,389,747,389,747,0,37
인천축산물시장,42010,1257,1042,1257,1042,0,76
인천축산물시장,42011,804,1119,804,1119,0,64
인천출입국·외국인청,35127,14775,1724,14753,1724,22,549
인천출입국·외국인청,35129,1141,12031,1130,12031,11,439
인천터미널,37215,2063,87,2063,87,0,71
인천터미널사거리입구,39194,1197,4852,1197,4852,0,201
인천터미널역,37648,517,23,517,23,0,18
인천테크노밸리U1센터,40605,5618,7687,5616,7687,2,443
인천테크노밸리U1센터,40607,9062,5776,9062,5776,0,494
인천포스코고등학교,38758,3,940,3,940,0,31
인천포스코고등학교,38759,501,6,501,6,0,16
인천푸른빛유치원,89376,1522,94,1522,94,0,53
인천푸른빛유치원,89377,232,1479,232,1479,0,57
인천항신국제여객터미널,38652,2610,726,2604,726,6,111
인천항신국제여객터미널(하행),38662,980,1988,978,1988,2,98
인천해든초등학교,89410,4832,3141,4832,3141,0,265
인천해든초등학교,89411,4241,2784,4241,2784,0,234
인천해양과학고,38120,2122,1438,2122,1438,0,118
인천해양과학고,38566,633,730,633,730,0,45
인천향교.인천도호부청사,37124,5254,11240,5249,11240,5,549
인천향교.인천도호부청사,37125,7564,1766,7530,1766,34,311
인천향교유림회관,37059,13038,4381,13038,4381,0,580
인천향교유림회관,37062,8525,13911,8525,13911,0,747
인천환경공단입구,42930,272,161,272,161,0,14
인천힘찬종합병원,39628,6007,4023,6005,4023,2,334
인천힘찬종합병원,39629,4496,4705,4489,4705,7,306
인평자동차고,40149,16263,19417,16263,19417,0,1189
인평자동차고,40151,1346,839,1346,839,0,72
인평자동차고,40152,439,1099,439,1099,0,51
인평자동차고,40787,20499,12502,20496,12502,3,1100
인하국제의료센터,35643,0,3,0,3,0,0
인하대병원,35119,5911,3122,5890,3122,21,301
인하대병원,35121,3694,1668,3683,1668,11,178
인하대병원,35486,6251,6482,6251,6482,0,424
인하대병원입구,35846,7511,12796,7463,12796,48,676
인하대역,37596,15,7709,15,7709,0,257
인하대역(1번출구),37066,74756,77463,74689,77463,67,5073
인하대역(7번출구),37091,103436,72798,103399,72798,37,5874
인하대역3번출구,37127,4252,21822,4249,21822,3,869
인하대역4번출구,37122,16587,6215,16577,6215,10,760
인하대정문,37099,21898,10220,21885,10220,13,1070
인하대정문,37104,10864,22925,10855,22925,9,1126
인하대후문,37165,60299,4139,60299,4139,0,2147
인하대후문,37166,1778,1414,1778,1414,0,106
인하대후문,37167,11683,66540,11680,66540,3,2607
인향아파트,40557,7695,551,7695,551,0,274
인향아파트,40559,513,6470,513,6470,0,232
인향아파트,41464,2841,138,2822,138,19,99
인향아파트,41465,27,5986,18,5986,9,200
인혜학교후문(원욱그린타운),41473,1398,945,1398,945,0,78
인혜학교후문(원욱그린타운),41518,801,3587,801,3587,0,146
인화1리마을회관,90210,15,5,15,5,0,0
인화1리마을회관,90211,15,18,15,18,0,1
인화리종점,43473,85,40,70,40,15,4
인화리종점,43945,1,1,0,1,1,0
인화성입구,90063,5,33,1,33,4,1
인화성입구,90064,14,2,7,2,7,0
인화여고,37547,5157,4381,5149,4381,8,317
인화여고,37548,8718,13744,8713,13744,5,748
일신동행정복지센터,40200,6378,3613,6361,3613,17,333
일신동행정복지센터,40205,70,2037,67,2037,3,70
일신동행정복지센터,40220,2749,2813,2749,2813,0,185
일신시장,40207,3955,4929,3954,4929,1,296
일신시장,40210,4112,2478,4107,2478,5,219
일신주공,40866,484,1040,484,1040,0,50
일신주공109동,40868,6369,4005,6369,4005,0,345
임광그대가.서창자이아파트,39514,3423,1633,3423,1633,0,168
임광그대가.서창자이아파트,39515,218,3961,218,3961,0,139
임광그대가103동,92025,3644,3284,3644,3284,0,230
임송촌,43423,19,6,19,6,0,0
임송촌,43802,95,123,90,123,5,7
임학사거리,41283,618,2091,618,2091,0,90
임학역,41290,14574,21731,14574,21731,0,1210
임학역,41292,22817,13692,22817,13692,0,1216
임학지하차도앞사거리,41287,27,3480,27,3480,0,116
임학지하차도앞사거리,41288,2430,7,2430,7,0,81
입구지,35300,44,2,44,2,0,1
입구지,35751,7,38,7,38,0,1
입구지입구,35477,21,93,21,93,0,3
입구지입구,35478,91,10,91,10,0,3
자동차매매단지,11020,240,637,240,637,0,29
자동차매매단지,11021,552,217,552,217,0,25
자동차매매단지,36094,330,4904,330,4904,0,174
자동차매매단지,37459,3828,323,3825,323,3,138
자연사박물관,43451,1,2,1,2,0,0
자연사박물관,43667,35,6,35,6,0,1
자이금호힐스테이트,42849,428,4713,426,4713,2,171
자이금호힐스테이트,42850,3531,455,3529,455,2,132
자이더테라스1단지,89297,1307,353,1307,353,0,55
자이더테라스1단지,89298,447,1341,447,1341,0,59
자이더테라스2단지,42864,1752,2387,1752,2387,0,137
자이더테라스2단지,42871,2657,1312,2657,1312,0,132
자이더테라스2단지(209동),89460,630,1067,629,1067,1,56
자이더테라스2단지(209동),89495,76,740,76,740,0,27
작은구월사거리,39239,5313,5882,5312,5882,1,373
작은구월사거리,39240,6453,6482,6444,6482,9,431
작전1동주민센터,41113,15678,8486,15667,8486,11,805
작전동삼성홈플러스,41044,15929,27825,15902,27825,27,1458
작전동삼성홈플러스,41050,17399,8740,17338,8740,61,871
작전동풍림아파트,41090,183,1048,183,1048,0,41
작전서운동행정복지센터,41103,483,2338,483,2338,0,94
작전서운동행정복지센터,41104,2597,442,2597,442,0,101
작전역,41561,9250,6892,9250,6892,0,538
작전역,41562,7758,8907,7758,8907,0,555
작전역 서해그랑블,41047,2648,2293,2643,2293,5,164
작전역 서해그랑블,41414,1108,3058,1108,3058,0,138
작전역1번출구,41095,13081,15509,13080,15509,1,953
작전역2번출구,41092,5001,6930,5001,6930,0,397
작전역3번출구,41076,9638,4665,9632,4665,6,476
작전역4번출구,41062,14497,29784,14463,29784,34,1476
작전역5번출구,41057,56385,33189,56336,33189,49,2985
작전역6번출구,41433,4322,26697,4322,26697,0,1033
작전역7번출구,41401,22555,6137,22555,6137,0,956
작전역8번출구,41093,11090,11419,11090,11419,0,750
작전중고.여고앞,41116,3260,3222,3235,3222,25,216
작전초등학교,41127,2929,2924,2918,2924,11,195
작전초등학교,41128,3161,2531,3145,2531,16,189
작전풍림아파트,41080,944,5725,944,5725,0,222
작전풍림아파트,41091,7594,2774,7594,2774,0,345
잔다리삼거리,35519,82,37,78,37,4,3
잔다리삼거리,35559,41,36,40,36,1,2
잔다리삼거리,35856,5,43,5,43,0,1
잔다리삼거리,35857,40,4,40,4,0,1
잔다리새마을,35866,23,68,23,68,0,3
잔다리새마을,35867,32,144,32,144,0,5
잔솔밭,43943,32,36,30,36,2,2
잔솔밭,43944,38,16,37,16,1,1
잠진도삼거리,35743,84,28,84,28,0,3
잠진도삼거리,35744,2,168,2,168,0,5
잠진도입구,35749,31,94,30,94,1,4
잠진도입구,35750,71,47,71,47,0,3
장경리공영주차장,44141,13,22,13,22,0,1
장경리공영주차장,44190,27,13,27,13,0,1
장경리해수욕장,44092,13,31,13,31,0,1
장경리해수욕장,44191,14,7,14,7,0,0
장곡.고촌고등학교,80066,303,145,303,145,0,14
장곡.고촌고등학교,80288,46,43,46,43,0,2
장곶돈대,43931,64,5,64,5,0,2
장곶돈대,43932,10,23,10,23,0,1
장곶횟집,43118,9,4,9,4,0,0
장곶횟집,43478,2,17,2,17,0,0
장구란,90349,1,5,1,5,0,0
장구란,90354,4,2,4,2,0,0
장기동,41345,657,48,657,48,0,23
장기동,41346,25,2740,25,2740,0,92
장기동,41347,3415,16187,3415,16187,0,653
장기동,41348,18957,3811,18957,3811,0,758
장도초등학교,39127,402,575,402,575,0,32
장도초등학교,39129,2022,798,2022,798,0,94
장릉입구,80046,31,158,31,158,0,6
장릉입구,80047,233,9,233,9,0,8
장미아파트,37044,6635,9106,6635,9106,0,524
장미아파트,37092,23178,10294,23119,10294,59,1115
장미아파트,37094,10660,17185,10637,17185,23,928
장미아파트(19동)앞,37474,3969,2991,3969,2991,0,232
장미아파트(19동)앞,37540,2841,5520,2836,5520,5,278
장서초등학교,39965,3807,632,3807,632,0,147
장서초등학교,39966,1021,5365,1021,5365,0,212
장수.서창동행정복지센터,39580,4579,8742,4579,8742,0,444
장수.서창동행정복지센터,39581,8575,2063,8575,2063,0,354
장수공영차고지,39566,2840,525,2436,525,404,112
장수공영차고지,92064,216,457,20,457,196,22
장수교,39336,893,777,893,777,0,55
장수교(서창동입구),39337,519,1454,519,1454,0,65
장수동,39373,971,2962,971,2962,0,131
장수동,39391,1295,1792,1295,1792,0,102
장수동,39393,7098,7438,7098,7438,0,484
장수빌라,39577,868,2130,868,2130,0,99
장수사거리,39389,15197,4763,15197,4763,0,665
장수사거리,39397,264,4420,264,4420,0,156
장수사거리,39501,3634,8611,3634,8611,0,408
장수사거리,39542,6761,545,6761,545,0,243
장수주공(청소년수련원),39417,74,4017,74,4017,0,136
장수주공(청소년수련원),39424,5423,150,5423,150,0,185
장수초등학교,39342,2750,1713,2750,1713,0,148
장수초등학교,39352,856,2157,856,2157,0,100
장수파출소,39543,335,1440,335,1440,0,59
장승마루,90028,0,21,0,21,0,0
장승마루,90029,11,0,11,0,0,0
장승마을,43200,0,66,0,66,0,2
장승마을,43714,106,0,97,0,9,3
장승백이시장,39280,3818,1591,3818,1591,0,180
장승백이시장,39282,627,3905,627,3905,0,151
장아초등학교,39873,1272,545,1271,545,1,60
장아초등학교,39874,173,1690,173,1690,0,62
장안,43418,19,34,19,34,0,1
장안,43445,53,36,53,36,0,2
장안마을,43133,15,1,15,1,0,0
장안마을,43855,0,5,0,5,0,0
장안말(구초지분교)입구,90083,82,125,82,125,0,6
장안말(구초지분교)입구,90084,111,174,111,174,0,9
장안말(온천스파),43144,30,12,30,12,0,1
장안말(온천스파),43253,41,4,41,4,0,1
장안말(온천스파),43892,6,15,6,15,0,0
장안사거리,37285,16026,3476,16017,3476,9,650
장안사거리,37295,4731,18206,4725,18206,6,764
장안촌동쪽,43933,0,33,0,33,0,1
장암마을,90155,107,61,106,61,1,5
장암마을,90156,18,33,17,33,1,1
장애인복지관,37249,2635,2832,2632,2832,3,182
장애인종합복지관,43320,3,0,3,0,0,0
장애인종합복지관,43627,1,5,1,5,0,0
장인가구,39706,246,209,246,209,0,15
장자말,43142,19,40,19,40,0,1
장자말,43257,67,0,66,0,1,2
장자촌,43141,35,0,35,0,0,1
장자촌,43255,0,1,0,1,0,0
장전,43415,39,10,39,10,0,1
장전,43500,3,18,3,18,0,0
장정2리마을회관,43665,1,118,1,118,0,3
장정2리마을회관,43693,168,1,166,1,2,5
장지포,90238,1,21,1,21,0,0
장지포,90239,18,12,17,12,1,1
장천사거리,37282,2056,2433,2056,2433,0,149
장천사거리,37610,236,1291,236,1291,0,50
장천사거리,37651,446,1406,446,1406,0,61
장촌길 입구,90379,11,13,11,13,0,0
장촌길 입구,90382,6,2,6,2,0,0
장촌마을,35475,189,20,189,20,0,6
장촌마을,35476,19,191,19,191,0,7
장촌빌라,35321,196,21,194,21,2,7
장촌빌라,35397,4,137,4,137,0,4
장하,43184,9,40,9,40,0,1
장하,43204,55,9,55,9,0,2
장화교회앞,43121,45,41,44,41,1,2
장화교회앞,43539,39,37,32,37,7,2
장화리학생수련원,43426,61,63,61,63,0,4
장화리학생수련원,43474,35,38,35,38,0,2
장흥낚시터,43211,3,9,3,9,0,0
장흥낚시터,43890,3,4,3,4,0,0
장흥리종점,43643,17,38,16,38,1,1
장흥리종점,43888,33,16,32,16,1,1
장흥매점,43641,7,2,7,2,0,0
장흥매점,43891,2,2,2,2,0,0
장흥삼거리,43153,69,4,69,4,0,2
장흥삼거리,43881,14,84,13,84,1,3
장흥저수지(성공회.해든뮤지움),90081,259,232,259,232,0,16
장흥저수지(성공회.해든뮤지움),90082,111,187,111,187,0,9
재능대·한국외대 송도캠퍼스,38754,101,0,101,0,0,3
재능대·한국외대 송도캠퍼스,38755,36,2573,36,2573,0,86
재능대학교서문,36058,21130,26764,21088,26764,42,1596
재능대학교서문,36119,13380,13720,13345,13720,35,903
재활용품수집장,43165,4,10,4,10,0,0
저수지관리소,43264,32,2,32,2,0,1
저수지휴게소,43567,17,50,17,50,0,2
저수지휴게소,43763,1,1,1,1,0,0
적두마을(월곳교회),43190,52,0,50,0,2,1
적두마을(월곳교회),43709,0,51,0,51,0,1
적석사입구,43348,6,137,5,137,1,4
적석사입구,43847,232,9,229,9,3,8
전동교회,35199,7347,4877,7347,4877,0,407
전동교회,35200,2655,7949,2655,7949,0,353
전득이고개입구,90187,7,22,7,22,0,0
전득이고개입구,90188,15,58,13,58,2,2
전들,43477,63,0,63,0,0,2
전들,43835,0,65,0,65,0,2
전등사남문,43515,180,339,180,339,0,17
전등사남문,43893,323,120,321,120,2,14
전등사동문,43521,181,780,179,780,2,32
전등사동문,43895,583,333,581,333,2,30
전소,35231,6806,5170,6792,5170,14,399
전소,35232,6268,6332,6263,6332,5,420
전원미술관앞,43387,327,14,321,14,6,11
전원미술관앞,43810,4,363,4,363,0,12
전인연립(종점),40132,108,380,108,380,0,16
절아래,90401,14,22,12,22,2,1
절아래,90402,43,12,42,12,1,1
점촌,43414,43,4,35,4,8,1
점촌,43806,1,50,1,50,0,1
젓개마을,35828,4,124,3,124,1,4
젓개마을,35829,6,4,6,4,0,0
젓개마을입구,35322,3,2,3,2,0,0
젓개마을입구,35398,2,0,2,0,0,0
정광아파트(병무청),37008,4664,24,4664,24,0,156
정광아파트(병무청),37009,4,5141,4,5141,0,171
정광아파트.만수주공11단지,39476,7207,7526,7200,7526,7,491
정광아파트.만수주공11단지,39477,7472,4836,7467,4836,5,410
정기무역,35083,1560,177,1535,177,25,57
정다운그린빌,92024,1977,3660,1977,3660,0,187
정든마을아파트,40055,2483,3900,2483,3900,0,212
정든마을아파트,40057,4786,2183,4786,2183,0,232
정병원,40413,5021,4507,5021,4507,0,317
정부인천지방합동청사,37386,37292,16420,37278,16420,14,1790
정부인천지방합동청사,37388,27380,33505,27340,33505,40,2029
정비단지,37005,2378,1807,2378,1807,0,139
정비단지,37006,924,2523,924,2523,0,114
정서진삼거리,89234,2,395,2,395,0,13
정석항공과학고,37168,27568,5565,27560,5565,8,1104
정석항공과학고,37170,8803,30750,8797,30750,6,1318
정수사입구,43404,49,21,49,21,0,2
정수사입구,43436,13,33,13,33,0,1
정하,43183,32,1,32,1,0,1
정하,43208,1,13,1,13,0,0
제물포시장,37310,780,614,780,614,0,46
제물포시장,37311,780,943,780,943,0,57
제물포여자중학교,37288,3929,2151,3929,2151,0,202
제물포여자중학교,37290,5952,5254,5942,5254,10,373
제물포여자중학교,37298,8377,10227,8377,10227,0,620
제물포역,37355,57783,36518,57754,36518,29,3143
제물포역,37364,34286,22663,34258,22663,28,1898
제물포역,37496,35922,43476,35910,43476,12,2646
제물포역,37498,21828,6521,21828,6521,0,944
제물포역,37502,31811,41803,31795,41803,16,2453
제물포역(동양빌딩),37339,1187,5611,1187,5611,0,226
제물포중학교,42064,2521,2797,2521,2797,0,177
제물포중학교,42065,2820,1726,2820,1726,0,151
제운사거리(청년창업특화거리),37175,3679,5636,3675,5636,4,310
제운사거리(청년창업특화거리),37534,5199,6235,5181,6235,18,381
제일시장,37316,7173,6284,7173,6284,0,448
제일시장,37329,10406,11426,10399,11426,7,727
제일시장사거리,37667,1118,771,1118,771,0,62
제일주유소,57020,2227,1235,2227,1235,0,115
제일주유소,57021,734,3485,734,3485,0,140
제일풍경채,42833,3626,3648,3626,3648,0,242
제일풍경채1차정문앞,89350,1715,1634,1715,1634,0,111
제일풍경채2차,89349,21,170,21,170,0,6
제일풍경채2차321동앞,42866,3181,1266,3181,1266,0,148
제일풍경채2차321동앞,42873,312,1192,312,1192,0,50
제일풍경채2차323동앞,42891,6552,6504,6549,6504,3,435
제일풍경채2차331동앞,42989,1949,3391,1949,3391,0,178
제적봉앞마을,90060,0,4,0,4,0,0
제적봉앞마을,90061,1,0,1,0,0,0
제적봉입구,43654,5,33,5,33,0,1
제적봉입구,43686,1,6,1,6,0,0
조광교회입구,43533,4,0,4,0,0,0
조광교회입구,43868,0,28,0,28,0,0
조달청(한양2차아파트),37511,6822,14926,6800,14926,22,724
조달청비축기지,35114,1541,5150,1535,5150,6,223
조달청비축기지,35115,3213,1791,3201,1791,12,166
조동초등학교,39464,2789,1725,2789,1725,0,150
조동초등학교,39465,15,1266,15,1266,0,42
조리미입구,80068,1477,46,1477,46,0,50
조리미입구,80069,46,1357,46,1357,0,46
조바위,90350,3,37,3,37,0,1
조바위,90351,39,3,39,3,0,1
조산,43192,11,116,11,116,0,4
조산,43334,123,11,118,11,5,4
조산교회,43172,5,34,5,34,0,1
조산교회,43338,101,6,100,6,1,3
조산초등학교,43189,28,304,28,304,0,11
조산초등학교,43593,283,6,273,6,10,9
종갱이,43180,46,157,45,157,1,6
종갱이,43288,115,40,112,40,3,5
종근당,40002,260,15,260,15,0,9
종근당,40005,8,778,8,778,0,26
종근당.충정로역,11002,227,8243,227,8243,0,282
종로약국,57005,733,1077,733,1077,0,60
종로약국,57007,1870,769,1869,769,1,87
종생마을,80161,975,134,970,134,5,36
종생마을,80162,170,1390,164,1390,6,52
종점(병무청),37014,2435,3227,2435,3227,0,188
종합터미널,37242,44869,21731,44836,21731,33,2220
종합터미널,39177,14350,38639,14350,38639,0,1766
종현동정보화마을,62043,36,158,36,158,0,6
종현동정보화마을,62044,125,25,125,25,0,5
좌동교차로,89371,4,112,4,112,0,3
좌동마을,42452,204,75,204,75,0,9
좌동마을,89253,108,244,108,244,0,11
좌동마을입구,42456,24,111,24,111,0,4
좌동마을입구,42928,212,45,211,45,1,8
주거단지,35118,477,380,477,380,0,28
주거단지,35120,253,827,253,827,0,36
주공12단지,35082,853,249,853,249,0,36
주공12단지,35084,503,414,503,414,0,30
주공6단지후문,40453,4654,2606,4654,2606,0,242
주공뜨란채아파트,40708,3334,3088,3334,3088,0,214
주공뜨란채아파트,40803,3797,3031,3797,3031,0,227
주공아파트,40867,442,866,442,866,0,43
주물단지,42291,1502,3755,1502,3755,0,175
주안1동행정복지센터,37385,5567,6952,5567,6952,0,417
주안2동치안센터,37302,6957,5069,6957,5069,0,400
주안4동행정복지센터,37333,150,210,149,210,1,12
주안4동행정복지센터,37335,45,429,45,429,0,15
주안5동행정복지센터,37526,722,1007,722,1007,0,57
주안7동행정복지센터,37214,19882,20947,19835,20947,47,1360
주안7동행정복지센터,37216,24348,17641,24292,17641,56,1399
주안국가산단역,37583,6992,825,6992,825,0,260
주안국가산단역,37584,35,2232,35,2232,0,75
주안남초등학교,37283,7945,8782,7945,8782,0,557
주안남초등학교,37284,11827,4669,11827,4669,0,549
주안도서관,37341,594,378,594,378,0,32
주안도서관,37342,494,511,493,511,1,33
주안매매단지,37586,277,271,277,271,0,18
주안북부역,37418,18925,13457,18925,13457,0,1079
주안북부역,37420,17514,12889,17514,12889,0,1013
주안북초등학교,37417,4440,7882,4440,7882,0,410
주안사거리,37330,18396,12066,18367,12066,29,1015
주안사거리,37514,3131,10035,3131,10035,0,438
주안시범공단,39927,265,465,265,465,0,24
주안아파트,37207,872,2384,867,2384,5,108
주안아파트,37209,1319,1289,1309,1289,10,86
주안역,37387,84862,30933,84812,30933,50,3859
주안역,37389,20269,78723,20265,78723,4,3299
주안역,37402,846,3805,846,3805,0,155
주안역,37506,25019,17164,24961,17164,58,1406
주안역센트레빌아파트,37430,8136,9598,8136,9598,0,591
주안역센트레빌아파트정문,37490,686,922,686,922,0,53
주안역환승정류장,37503,97424,72030,97424,72030,0,5648
주안역환승정류장,37617,141051,117034,141051,117034,0,8602
주안파크자이더플래티넘아파트,37201,19931,10249,19870,10249,61,1006
주안파크자이더플래티넘아파트,37204,10213,20209,10156,20209,57,1014
주안현대아파트,37358,18088,16486,18058,16486,30,1152
주원고개,39377,1211,3714,1205,3714,6,164
주원고개,39396,3625,9124,3620,9124,5,424
주적골,39510,562,1943,558,1943,4,83
주적골,39608,640,955,640,955,0,53
주택마을,90230,9,139,9,139,0,4
중고등학교,44106,50,79,30,79,20,4
중고등학교,44193,236,16,214,16,22,8
중고차매매단지엠파크허브,42038,398,693,398,693,0,36
중곡고개,43935,16,0,15,0,1,0
중구노인복지회관,35151,12974,10914,12964,10914,10,796
중구노인복지회관,35152,13248,12690,13241,12690,7,864
중구문화회관,35466,2,727,2,727,0,24
중구문화회관,35467,1878,439,1874,439,4,77
중구청,35157,2591,1263,2589,1263,2,128
중구청,35159,793,2860,793,2860,0,121
중구청소년수련관.하늘중학교,35824,2786,893,2786,893,0,122
중독고개,43936,25,46,25,46,0,2
중박골입구,44123,5,10,5,10,0,0
중박골입구,44194,21,0,17,0,4,0
중봉로교차로,89420,1544,2174,1544,2174,0,123
중봉로교차로,89421,1318,706,1318,706,0,67
중부고용노동청(인천고용센터),39222,707,627,706,627,1,44
중부고용노동청(인천고용센터),39223,564,519,563,519,1,36
중산고등학교,35868,540,627,540,627,0,38
중산고등학교,35869,1305,1487,1305,1487,0,93
중산교차로,35652,807,544,807,544,0,45
중산교차로,35653,456,3005,456,3005,0,115
중산동,35305,2011,580,2011,580,0,86
중산동(까치빌라앞),35247,434,732,434,732,0,38
중산동(중촌),35272,667,1548,667,1548,0,73
중산동(중촌),35278,23,280,23,280,0,10
중산중고등학교,35817,183,312,183,312,0,16
중산중고등학교,35818,270,15,270,15,0,9
중산중학교,35656,1168,836,1168,836,0,66
중산중학교,35657,1182,1638,1182,1638,0,94
중앙공영아파트,41268,4038,1039,4038,1039,0,169
중앙공원사거리,39189,467,715,466,715,1,39
중앙방앗간,35852,2,12,2,12,0,0
중앙방앗간,35853,3,15,3,15,0,0
중앙사료,42014,2134,1468,2134,1468,0,120
중앙사료,42015,689,1010,689,1010,0,56
중앙산부인과,70176,14,262,14,262,0,9
중앙산부인과,70230,478,80,478,80,0,18
중앙시장,90125,2053,838,1994,838,59,96
중앙시장.고려궁지입구,43067,1324,1868,1303,1868,21,106
중앙아파트,40409,693,731,693,731,0,47
중앙아파트,42315,3142,1979,3142,1979,0,170
중앙하이츠,41110,3659,12380,3653,12380,6,534
중앙호수공원입구(호반베르디움),89245,3,534,3,534,0,17
중원고등학교,55078,2458,719,2458,719,0,105
중촌,43252,183,2,183,2,0,6
중촌,43369,4,62,4,62,0,2
중촌교차로,35436,129,603,129,603,0,24
중촌교차로,35443,1123,322,1123,322,0,48
중혈마을,43176,14,35,14,35,0,1
중혈마을,43299,59,7,59,7,0,2
중흥S클래스,42832,2748,1839,2748,1839,0,152
중흥S클래스,42847,730,531,730,531,0,42
중흥S클래스1차,42844,423,819,423,819,0,41
중흥S클래스1차,42845,828,634,828,634,0,48
중흥S클래스2차,42771,4962,1493,4958,1493,4,215
중흥S클래스2차,42856,4507,956,4507,956,0,182
중흥마을.은하마을,55070,608,299,608,299,0,30
지랏돌,90071,69,11,68,11,1,2
지랏돌,90072,0,16,0,16,0,0
지산리입구,43310,5,1,5,1,0,0
지산리입구,43751,1,7,1,7,0,0
지산입구(용진),43538,19,3,19,3,0,0
지산입구(용진),43679,2,28,2,28,0,1
지석리마을회관,90274,22,23,22,23,0,1
지석리망향단입구,90273,4,8,4,8,0,0
지석리오현부락,90275,27,21,27,21,0,1
지석초등학교입구,90277,46,14,46,14,0,2
지식정보단지역,38373,8861,1474,8861,1474,0,344
지식정보단지역,38403,10802,1334,10802,1334,0,404
지식정보단지역,38404,464,9383,464,9383,0,328
지식정보단지역(4번출구),38380,600,9758,600,9758,0,345
진고개(5연대입구),43380,230,131,229,131,1,12
진고개(5연대입구),43794,29,265,28,265,1,9
진광횟집앞,43507,15,2,14,2,1,0
진광횟집앞,43541,2,9,2,9,0,0
진달래아파트,37600,14,774,14,774,0,26
진도로르빌아파트,37471,2856,8204,2856,8204,0,368
진두방앗간,44129,0,20,0,20,0,0
진두방앗간,44195,9,0,9,0,0,0
진두방앗간,44196,0,1,0,1,0,0
진산과학고등학교,40640,3,373,3,373,0,12
진산과학고등학교,40915,154,3,154,3,0,5
진산중학교,40575,1122,2435,1122,2435,0,118
진산초등학교,40614,982,3393,982,3393,0,145
진산초등학교,40633,0,200,0,200,0,6
진산초등학교,40914,287,10,287,10,0,9
진솔인더스트리,89447,221,1,221,1,0,7
진솔인더스트리,89448,1,241,1,241,0,8
진주5단지503동앞,42089,3428,3120,3428,3120,0,218
진주상가,42544,3691,307,3658,307,33,133
진주아파트2단지,42092,421,11454,416,11454,5,395
진주아파트2단지6동,42084,109,6868,108,6868,1,232
진주아파트3단지,42086,8966,172,8919,172,47,304
진주아파트4단지,42077,3740,169,3716,169,24,130
진표에너지,42548,1,348,1,348,0,11
진흥아파트,37190,2720,2339,2713,2339,7,168
진흥아파트,37193,2480,3341,2476,3341,4,194
진흥아파트,37240,5699,4306,5692,4306,7,333
진흥아파트,37243,6225,10179,6221,10179,4,546
진흥아파트,39297,7620,7252,7620,7252,0,495
집단에너지,39064,49,92,49,92,0,4
집단에너지시설,39065,41,82,41,82,0,4
짓절미,43485,27,10,25,10,2,1
짓절미,43713,5,12,5,12,0,0
찬우물,39179,1481,3713,1481,3713,0,173
찬우물,39188,2152,944,2150,944,2,103
찬우물,43048,238,342,234,342,4,19
찬우물약수터,43851,135,373,133,373,2,16
참빛감리교회,42437,17175,10553,17162,10553,13,924
참좋은집,36160,428,30,427,30,1,15
참좋은집,36161,11,419,11,419,0,14
창골,43549,258,103,254,103,4,12
창리,43052,329,249,327,249,2,19
창리,43053,244,307,244,307,0,18
창리,43054,441,301,435,301,6,24
창리,43902,28,42,27,42,1,2
창리,43903,6,0,6,0,0,0
창신초등학교,42620,3711,3895,3707,3895,4,253
창신초등학교,42621,4580,5777,4578,5777,2,345
창후1리마을회관,43595,167,0,162,0,5,5
창후1리마을회관,43783,4,222,2,222,2,7
창후리입구,43604,194,21,191,21,3,7
창후리입구,43830,24,250,24,250,0,9
창후리종점,43774,25,113,25,113,0,4
창후정미소,43461,92,12,91,12,1,3
창후정미소,43600,10,85,10,85,0,3
채석장,38179,1503,414,1503,414,0,63
채플 갤러리,90422,4,0,4,0,0,0
채플 갤러리,90423,0,6,0,6,0,0
천곡,43409,201,2,198,2,3,6
천곡,43827,17,228,17,228,0,8
천촌,43411,20,184,19,184,1,6
천촌,43795,200,3,200,3,0,6
철곶,43653,13,22,13,22,0,1
철곶,43759,34,1,33,1,1,1
철산리검문소,43957,4,28,4,28,0,1
철산리검문소,43958,40,6,40,6,0,1
철산리입구,43685,45,20,45,20,0,2
철산리입구,43741,20,90,20,90,0,3
첨단초등학교,92014,421,4283,421,4283,0,156
청광플러스원101동앞,92070,395,3598,395,3598,0,133
청광플러스원102동앞,39946,787,94,787,94,0,29
청광플러스원아파트,39775,6145,3098,6145,3098,0,308
청광플러스원아파트,39786,2667,8041,2667,8041,0,356
청능로사거리,39622,40252,16024,40219,16024,33,1875
청능로사거리,39623,17300,39755,17260,39755,40,1901
청라1동행정복지센터,42744,13234,5040,13234,5040,0,609
청라1동행정복지센터,42745,6983,10165,6983,10165,0,571
청라1호문화공원,89470,5,31,5,31,0,1
청라1호문화공원,89471,17,22,17,22,0,1
청라2동행정복지센터,89039,3096,725,3096,725,0,127
청라2동행정복지센터,89042,1385,3540,1385,3540,0,164
청라3동행정복지센터,89374,1160,5792,1160,5792,0,231
청라3동행정복지센터,89375,7198,867,7198,867,0,268
청라BRT차고지입구,89336,18,569,18,569,0,19
청라BRT차고지입구,89337,634,26,634,26,0,22
청라BRT통합차고지,89508,5,118,3,118,2,4
청라BRT통합차고지,89522,339,92,338,92,1,14
청라고등학교,42784,2413,1050,2413,1050,0,115
청라고등학교,42785,1532,2403,1532,2403,0,131
청라골프아카데미,89255,122,58,122,58,0,6
청라골프아카데미,89256,65,138,65,138,0,6
청라국제도서관,42922,39,359,39,359,0,13
청라국제도서관,42923,454,72,454,72,0,17
청라국제도시역,89270,57036,36275,57036,36275,0,3110
청라국제도시역(경명대로),89034,8351,9149,8351,9149,0,583
청라국제도시역(서부산단방향),89043,22630,42109,22629,42109,1,2157
청라국제도시역(청라국제교방향),89215,39689,23020,39680,23020,9,2090
청라국제도시역푸르지오시티,89523,733,1822,733,1822,0,85
청라국제도시역푸르지오시티,89524,1822,1336,1822,1336,0,105
청라국제어린이집,89289,276,38,276,38,0,10
청라국제업무단지(골드클래스),42984,834,386,834,386,0,40
청라꽃농원,42991,89,92,89,92,0,6
청라달튼국제학교,42895,1436,740,1434,740,2,72
청라달튼국제학교,89121,1317,1055,1316,1055,1,79
청라도,42931,11,146,11,146,0,5
청라도,89127,15,58,15,58,0,2
청라디이스트,42961,89,1401,89,1401,0,49
청라디이스트(562동),42962,1950,3451,1949,3451,1,180
청라디이스트(567동),89017,1080,153,1080,153,0,41
청라로데오시티포레안,89419,111,366,111,366,0,15
청라로봇랜드,89246,34,17,34,17,0,1
청라로봇랜드,89247,3,78,3,78,0,2
청라모아미래도아파트604동,89344,2455,1756,2454,1756,1,140
청라모아미래도아파트정문,89353,12,44,12,44,0,1
청라문학공원,89480,104,48,104,48,0,5
청라백세요양병원,42944,193,97,193,97,0,9
청라백세요양병원,89179,181,171,181,171,0,11
청라복합문화센터,89218,197,1544,197,1544,0,58
청라복합문화센터,89219,1250,255,1250,255,0,50
청라센텀로제비앙,89295,1444,1349,1443,1349,1,93
청라센텀로제비앙,89296,1482,1457,1481,1457,1,97
청라센텀로제비앙정문앞,89346,28,14,28,14,0,1
청라센트럴에일린의뜰,42834,5055,4436,5055,4436,0,316
청라센트럴에일린의뜰104동,42990,3794,1651,3794,1651,0,181
청라센트럴에일린의뜰106동,42892,10511,5611,10505,5611,6,537
청라스타필드,89417,84,53,84,53,0,4
청라스타필드,89418,46,183,46,183,0,7
청라시티프라디움,89334,1836,2456,1836,2456,0,143
청라시티프라디움,89335,3267,1161,3267,1161,0,147
청라우미린,42862,636,5092,635,5092,1,190
청라우미린아파트,89290,3306,12621,3306,12621,0,530
청라웰카운티221동,89288,80,476,80,476,0,18
청라웰카운티223동,42997,1226,233,1226,233,0,48
청라자이,42742,10547,2996,10542,2996,5,451
청라중앙호수공원입구,89021,14105,10443,14105,10443,0,818
청라중앙호수공원입구,89024,8776,15656,8776,15656,0,814
청라중학교,42848,1003,2107,1003,2107,0,103
청라초등학교,89281,6157,7175,6157,7175,0,444
청라초등학교,89282,5028,7213,5028,7213,0,408
청라파크자이상가,89299,665,892,665,892,0,51
청라파크자이상가,89300,598,621,598,621,0,40
청라푸르지오,89217,851,1436,851,1436,0,76
청라푸르지오라피아노,89497,11,27,11,27,0,1
청라푸르지오라피아노,89498,10,32,10,32,0,1
청라한양수자인레이크블루,89348,2764,2183,2764,2183,0,164
청라한양수자인레이크블루,89351,2500,1414,2500,1414,0,130
청라한화꿈에그린,89123,1770,579,1770,579,0,78
청라한화꿈에그린,89124,566,1148,566,1148,0,57
청라호반베르디움.포리공원,42899,1951,420,1951,420,0,79
청라호반베르디움.포리공원,42919,651,1803,651,1803,0,81
청라호수공원(남측),42861,2457,673,2457,673,0,104
청라호수공원(남측),42863,886,2300,886,2300,0,106
청라호수공원한신더휴,42870,7073,1167,7068,1167,5,274
청라호수공원한신더휴아파트,89291,15990,6482,15990,6482,0,749
청라힐스테이트,42987,964,2845,964,2845,0,126
청라힐스테이트,42988,2964,601,2964,601,0,118
청람중학교,89018,1689,2102,1689,2102,0,126
청람중학교,89019,2423,2390,2423,2390,0,160
청람초등학교,89279,6721,10312,6721,10312,0,567
청람초등학교,89280,10226,8519,10226,8519,0,624
청량중학교,38086,10921,4849,10912,4849,9,525
청련사입구,43766,122,445,122,445,0,18
청련사입구,43841,308,41,308,41,0,11
청룡정,41633,178,30,178,30,0,6
청룡정,41634,3,250,3,250,0,8
청소년수련관,42612,2264,133,2264,133,0,79
청소년수련관,42613,59,2315,59,2315,0,79
청소년수련관,43078,63,14,58,14,5,2
청소년수련관,43079,5,41,4,41,1,1
청소년수련관.어린이과학관,41307,12467,9314,12458,9314,9,726
청소년수련관.어린이과학관,41308,7126,9060,7126,9060,0,539
청송1단지.중흥S클래스,80090,190,202,188,202,2,13
청송1단지.중흥S클래스,80102,554,146,554,146,0,23
청송2.3단지,80089,89,118,89,118,0,6
청송2.3단지,80101,309,89,309,89,0,13
청송마을.성우오스타,80329,213,117,213,117,0,11
청송부락,90092,0,7,0,7,0,0
청송부락,90093,10,0,10,0,0,0
청양골,42775,5,80,4,80,1,2
청운대삼거리(하늘꿈교회),37433,4919,4796,4909,4796,10,323
청운대삼거리(하늘꿈교회),37500,3301,3387,3297,3387,4,222
청운대후문.한전제물포지사,37632,555,972,555,972,0,50
청운대후문.한전제물포지사,37633,173,1301,173,1301,0,49
청정주말농장,39852,1,189,1,189,0,6
청천농장,40538,153,1728,152,1728,1,62
청천농장,42511,1417,307,1415,307,2,57
청천농장(종점),40520,3106,3350,3106,3350,0,215
청천농장입구,40558,503,185,503,185,0,22
청천농장입구,40809,0,401,0,401,0,13
청천도서관,40426,1140,1851,1140,1851,0,99
청천도서관,40427,974,807,974,807,0,59
청천동,40808,1063,14,1063,14,0,35
청천동무지개아파트,40617,795,3600,793,3600,2,146
청천동무지개아파트,40618,3252,839,3246,839,6,136
청천동차고지,40925,284,492,284,492,0,25
청천중학교,40449,1636,5319,1636,5319,0,231
청천중학교,40455,1773,4999,1773,4999,0,225
청천천공영주차장,40896,313,1609,313,1609,0,64
청천천공영주차장,41639,443,1381,443,1381,0,60
청천초등학교,40582,3568,6017,3561,6017,7,319
청천초등학교,40586,16798,6323,16781,6323,17,770
청천초등학교,40587,3586,9388,3586,9388,0,432
청천초등학교후문,40574,1786,13446,1786,13446,0,507
청천초등학교후문,40579,14038,1586,14038,1586,0,520
청천치안센터,40533,30348,14064,30322,14064,26,1480
청천치안센터,40537,10287,14780,10268,14780,19,835
청천푸르지오아파트,40488,11429,9762,11429,9762,0,706
청천푸르지오아파트,40515,11686,1481,11686,1481,0,438
청천푸르지오아파트,40516,1376,8218,1376,8218,0,319
청천푸르지오아파트,40811,7692,1690,7692,1690,0,312
청천푸르지오아파트,40812,785,4616,785,4616,0,180
청천푸르지오아파트,40894,22,2454,22,2454,0,82
청천하우스디아파트,40475,6138,1889,6138,1889,0,267
청천하우스디아파트,40477,760,4192,760,4192,0,165
청학동.한국전력남인천지사,38230,2853,4045,2853,4045,0,229
청학동.한국전력남인천지사,38239,8060,6108,8060,6108,0,472
청학사거리,38256,24269,15931,24269,15931,0,1340
청학사거리,38259,10582,15710,10582,15710,0,876
청학사거리,38509,1654,1948,1654,1948,0,120
청학아파트,38236,9874,6090,9874,6090,0,532
청학아파트,38341,7058,7782,7058,7782,0,494
청학중학교,38160,3719,4755,3719,4755,0,282
청학중학교,38161,3111,1965,3111,1965,0,169
청학중학교,38496,867,351,867,351,0,40
청학초등학교,38181,2611,3350,2611,3350,0,198
청학초등학교,38185,2855,2604,2855,2604,0,181
청학초등학교,38190,1779,2735,1779,2735,0,150
체육공원,90214,28,7,28,7,0,1
체육공원앞,35605,6,337,6,337,0,11
체육공원앞,35606,164,5,164,5,0,5
초은고등학교,89025,10421,7914,10421,7914,0,611
초은고등학교,89026,4125,11411,4125,11411,0,517
초정마을,41252,3576,2786,3576,2786,0,212
초정마을,41254,2120,790,2120,790,0,97
초지,43016,13,71,13,71,0,2
초지대교,43017,389,456,383,456,6,28
초지대교,43071,1441,574,1436,574,5,67
초지대교,43106,259,791,257,791,2,35
초지리,43026,111,233,111,233,0,11
초지리,43093,7,80,7,80,0,2
초지삼거리,43112,106,45,106,45,0,5
초지삼거리,43147,2,26,2,26,0,0
초지삼거리,43508,9,103,9,103,0,3
초지진,43024,38,124,38,124,0,5
초지진,43025,250,124,249,124,1,12
초지큰말,43260,29,0,28,0,1,0
초지큰말,43512,2,11,2,11,0,0
축현초등학교.인천시립박물관,38151,4794,3656,4794,3656,0,281
축현초등학교.인천시립박물관,38152,3046,4287,3046,4287,0,244
축협,43061,1346,947,1322,947,24,76
충렬사,43326,18,0,18,0,0,0
충렬사,43629,65,57,64,57,1,4
충성아파트,40117,988,2075,988,2075,0,102
충정로역2호선,22064,9338,110,9338,110,0,314
치마바위,43247,0,10,0,10,0,0
치마바위,43646,6,3,5,3,1,0
카페거리,35727,19,25,19,25,0,1
카페거리,35728,6,40,6,40,0,1
칼빈매니토바국제학교,38370,2447,4439,2447,4439,0,229
칼빈매니토바국제학교,38435,4196,684,4196,684,0,162
칼빈매니토바국제학교,38500,4761,3098,4753,3098,8,261
캐슬해모로,39845,1183,232,1183,232,0,47
캐슬해모로,39846,4603,554,4603,554,0,171
캐슬해모로,39848,409,1034,409,1034,0,48
캐슬해모로,39849,833,3534,832,3534,1,145
캠퍼스타운역,38419,10435,20629,10426,20629,9,1035
캠퍼스타운역,38420,9527,7214,9527,7214,0,558
캠퍼스타운역(3번출구),38388,83,2559,83,2559,0,88
캠퍼스타운역(3번출구),38717,489,20,488,20,1,16
커넬워크,38415,979,382,979,382,0,45
커넬워크,38417,2993,1858,2988,1858,5,161
커넬워크,38753,106,2697,106,2697,0,93
커넬워크(4동),38527,619,1108,619,1108,0,57
컨벤시아,38372,1136,2780,1135,2780,1,130
코세스물류창고,89197,85,11,85,11,0,3
코스모스아파트,42098,313,1114,312,1114,1,47
코오롱더프라우,38439,27,993,27,993,0,34
코오롱아파트작전중.고.여고,41117,3006,3717,2974,3717,32,224
"쿠팡16,17센터",35865,440,598,440,598,0,34
쿠팡물류센터,89157,4,557,4,557,0,18
큐티엘,90218,39,13,39,13,0,1
큰말,43937,24,0,24,0,0,0
큰말,43938,0,17,0,17,0,0
큰말,43949,9,32,8,32,1,1
큰말,90309,5,5,4,5,1,0
큰무리선착장,35710,178,137,177,137,1,10
큰무리선착장,35712,43,376,43,376,0,13
큰방죽사거리,39144,2790,3357,2788,3357,2,204
큰방죽사거리,39145,1500,2948,1496,2948,4,148
큰방죽삼거리,39575,148,247,148,247,0,13
큰방죽삼거리,39576,52,406,52,406,0,15
큰산너머입구,44013,4,160,4,160,0,5
큰산너머입구,44014,196,8,196,8,0,6
킹스빌타운,41315,2693,3182,2693,3182,0,195
타운하우스공장.명진화학,89226,3,183,3,183,0,6
타운하우스공장.명진화학,89227,228,5,228,5,0,7
탄토 마을,90381,18,1,18,1,0,0
탄토마을,90378,0,19,0,19,0,0
탑재,43115,2,39,2,39,0,1
탑재,43327,258,301,256,301,2,18
탑재,43579,275,244,274,244,1,17
태경아파트,38275,8549,9108,8549,9108,0,588
태산.대진아파트,38294,2838,2765,2836,2765,2,186
태산아파트,41193,7451,10782,7449,10782,2,607
태산아파트,42227,578,646,578,646,0,40
태산아파트·하나아파트,41578,1246,2183,1246,2183,0,114
태신보세창고,89236,17,218,17,218,0,7
태신보세창고,89237,1017,31,1017,31,0,34
태양공단,42147,2134,2137,2134,2137,0,142
태양공단,42148,3262,2687,3262,2687,0,198
태양주택,40204,22,1058,22,1058,0,36
태영아파트,42298,3669,3322,3669,3322,0,233
태영아파트,42300,3552,3394,3552,3394,0,231
태평1차아파트,39241,3691,377,3691,377,0,135
태평1차아파트,39242,262,3702,262,3702,0,132
태평1차아파트,39516,9738,1961,9738,1961,0,389
태평1차아파트,39517,2134,10977,2134,10977,0,437
태평2차아파트,39225,12190,3509,12190,3509,0,523
태평2차아파트,39518,3419,8132,3419,8132,0,385
태평아파트,38083,7828,7612,7820,7612,8,514
태평아파트,41183,1447,131,1420,131,27,52
태평아파트.주안한신휴플러스아파트,37180,2850,4481,2826,4481,24,244
태평아파트.주안한신휴플러스아파트,37183,1533,2180,1524,2180,9,123
태평아파트1차(A),42326,4568,12366,4566,12366,2,564
태평아파트1차(B),42325,11522,4196,11522,4196,0,523
태평아파트2차(A),42317,2516,3392,2516,3392,0,196
태평아파트2차(B),42318,5987,3121,5987,3121,0,303
태평아파트입구,39274,154,1594,154,1594,0,58
태평아파트입구,39276,641,276,641,276,0,30
태평양산업,39066,2535,702,2535,702,0,107
태평양인천물류센터,42012,1383,1859,1383,1859,0,108
태화.두진아파트,39441,7965,6090,7954,6090,11,468
태화두진아파트,39445,6888,7207,6886,7207,2,469
태화아파트,37413,4630,3890,4630,3890,0,284
태화아파트,37416,5312,4672,5312,4672,0,332
태화아파트,40545,8301,4130,8299,4130,2,414
태화아파트,40810,1584,18,1584,18,0,53
태화한진아파트,41132,4832,2459,4828,2459,4,243
태화한진아파트612동,41135,1357,3132,1357,3132,0,149
택리,43233,29,10,29,10,0,1
택리,43859,2,29,2,29,0,1
택리교회,43229,18,76,18,76,0,3
택리교회,43860,84,9,84,9,0,3
테니스장,40456,267,180,267,180,0,14
테일코리아,89430,254,128,254,128,0,12
테일코리아,89431,466,402,466,402,0,28
테크노파크IT센타,39726,774,2853,774,2853,0,120
테크노파크IT센타,39727,3262,2135,3262,2135,0,179
테크노파크IT센터,39938,2577,4092,2575,4092,2,222
테크노파크역,38421,29130,19090,29119,19090,11,1607
테크노파크역,38422,30234,24485,30231,24485,3,1823
토지금고,37114,8016,2467,7984,2467,32,349
토지금고,37115,3743,10640,3713,10640,30,479
토지금고시장,37102,18410,13585,18404,13585,6,1066
토지금고시장앞,37509,10690,11185,10688,11185,2,729
통진성당,80137,1432,374,1432,374,0,60
통진성당,80138,379,1545,379,1545,0,64
통진중고등학교,35073,3412,650,3412,650,0,135
통진중고등학교,35074,687,3252,687,3252,0,131
트러스(서구장애인직업재활시설),42809,315,2,315,2,0,10
트러스(서구장애인직업재활시설),42810,0,220,0,220,0,7
트레지움1단지.다니엘병원,55076,2121,830,2121,830,0,98
트레지움1단지.다니엘병원,55077,709,1568,709,1568,0,75
트루엘에코시티아파트(후문),42049,2104,1509,2104,1509,0,120
트루엘에코시티아파트(후문),42050,1919,1768,1919,1768,0,122
파라곤보타닉파크,89422,2860,24,2860,24,0,96
파라곤보타닉파크(고산터널),89395,9061,3005,9061,3005,0,402
파라다이스공원,43391,162,29,160,29,2,6
파라다이스공원,43828,10,213,10,213,0,7
파라다이스시티역,35748,1,13,1,13,0,0
팔도주유소,40175,245,412,245,412,0,21
팔도주유소,40774,10304,7130,10304,7130,0,581
팬더아파트,39968,429,6,429,6,0,14
팬더아파트,39980,1,331,1,331,0,11
펜션마을,90392,4,9,4,9,0,0
펜션마을,90393,19,2,19,2,0,0
평전,43258,1,94,1,94,0,3
평화전망대,43743,62,102,62,102,0,5
평화전망대,43760,78,9,77,9,1,2
포내교회,35874,23,2,19,2,4,0
포내교회,35875,5,35,3,35,2,1
포도마을,55039,2783,2855,2783,2855,0,187
포도마을사거리.현대백화점.이마트,55055,9456,8410,9456,8410,0,595
포도밭,43939,16,13,16,13,0,0
포도밭,43940,6,32,6,32,0,1
포레시안101동앞,39729,6365,5488,6365,5488,0,395
포레시안101동앞,39730,4928,4028,4928,4028,0,298
포스코타워앤쉐라톤호텔,38491,3248,1868,3248,1868,0,170
푸르지오더베뉴(3216동),89442,534,1878,534,1878,0,80
푸르지오더베뉴후문,89423,15,2383,15,2383,0,79
푸르지오더스카이,35844,4196,2009,4196,2009,0,206
푸르지오더스카이,35845,2223,2435,2223,2435,0,155
푸르지오더스카이256동,35508,395,53,395,53,0,14
푸르지오더스카이256동,35509,44,337,44,337,0,12
푸르지오월드마크,38471,8761,14078,8748,14078,13,761
푸르지오하버뷰,38456,266,535,266,535,0,26
푸르지오하버뷰,38522,1053,2698,1052,2698,1,125
푸른초장,90052,0,182,0,182,0,6
푸른초장,90053,107,5,104,5,3,3
풍류산,90129,0,44,0,44,0,1
풍류산,90130,32,0,31,0,1,1
풍림1단지정문,70007,11,939,11,939,0,31
풍림1차205동,35255,3121,6063,3117,6063,4,306
풍림1차205동,35256,8696,4470,8691,4470,5,438
풍림1차아파트,42969,12736,4335,12736,4335,0,569
풍림1차아파트,42970,4347,11884,4346,11884,1,541
풍림2.3차아파트,38350,8631,2319,8631,2319,0,365
풍림2단지,70010,6,1183,6,1183,0,39
풍림2차아파트,38049,5349,14339,5342,14339,7,656
풍림2차아파트,38050,7457,5639,7416,5639,41,436
풍림3단지정문,70003,185,185,185,185,0,12
풍림3차아파트,42366,8422,5069,8422,5069,0,449
풍림6단지,35124,2224,587,2224,587,0,93
풍림아이원,36114,128,1121,128,1121,0,41
풍림아이원,36115,6724,2007,6722,2007,2,291
풍림아이원,36121,2722,9150,2722,9150,0,395
풍림아이원,41441,4211,2081,4208,2081,3,209
풍림아이원1차·금호어울림아파트,42642,5351,7,5351,7,0,178
풍림아이원1차·금호어울림아파트,42646,8,4836,8,4836,0,161
풍림아이원2차아파트,42485,10274,56,10274,56,0,344
풍림아이원4차아파트,42645,16,4733,16,4733,0,158
풍림아이원아파트,37034,19066,8808,19066,8808,0,929
풍림아파트,36122,6732,692,6712,692,20,247
풍림아파트,37245,24738,6729,24737,6729,1,1048
풍림아파트,37246,5659,12901,5659,12901,0,618
풍림아파트,38255,3689,6441,3689,6441,0,337
풍림아파트,39162,8205,11924,8197,11924,8,670
풍림아파트,39163,12806,6382,12800,6382,6,639
풍림아파트,41374,2592,2558,2592,2558,0,171
풍림아파트,70008,677,7,668,7,9,22
풍림아파트(소래마을),39120,1133,3484,1126,3484,7,153
풍림아파트104동,40898,7551,6568,7551,6568,0,470
풍림아파트104동,40899,5537,5945,5537,5945,0,382
풍림아파트상가,70043,255,400,255,400,0,21
풍림아파트상가,70044,426,130,426,130,0,18
풍림엑슬루타워,42830,7640,8899,7638,8899,2,551
풍무역,80167,460,4929,460,4929,0,179
풍무역,80168,3414,378,3414,378,0,126
풍물시장,35054,340,1245,328,1245,12,52
풍물시장,35055,202,16,201,16,1,7
풍물시장,43941,85,9840,81,9840,4,330
풍산빌라 입구,90384,10,15,10,15,0,0
풍산특수금속,90219,14,2,13,2,1,0
프라임,39643,5522,1632,5522,1632,0,238
프리상뜨아파트,40230,117,3894,117,3894,0,133
프린피아통합물류센터,89235,291,3,291,3,0,9
하나개삼거리,35733,42,64,42,64,0,3
하나개삼거리,35734,26,70,26,70,0,3
하나개해수욕장,35737,3558,3249,3547,3249,11,226
하나글로벌캠퍼스,89444,1618,746,1616,746,2,78
하나글로벌캠퍼스,89445,658,4194,658,4194,0,161
하나금융그룹통합데이터센터,89265,356,2093,356,2093,0,81
하나금융그룹통합데이터센터,89294,266,223,266,223,0,16
하나로쇼핑,37118,3556,7993,3518,7993,38,384
하나모터스,89451,312,0,312,0,0,10
하나모터스,89452,1,206,1,206,0,6
하나아파트,37052,9062,2980,9062,2980,0,401
하나아파트,40546,1141,1666,1141,1666,0,93
하나아파트,41250,4069,5872,4060,5872,9,331
하나아파트,41574,3250,712,3250,712,0,132
하늘도시중심상가,35821,2266,435,2266,435,0,90
하늘도시중심상가,35822,411,2078,411,2078,0,82
하늘문화센터,35826,52,206,52,206,0,8
하늘문화센터,35827,146,7,146,7,0,5
하늘문화센터입구,35766,2,77,2,77,0,2
하늘문화센터입구,35767,30,7,30,7,0,1
하늘중학교,35823,887,1302,887,1302,0,72
하늘초등학교후문,35499,1624,469,1624,469,0,69
하늘초등학교후문,35500,459,1918,459,1918,0,79
하늘휴게소,70220,2058,7703,2058,7703,0,325
하늘휴게소,70221,7108,2174,7108,2174,0,309
하룩,43157,49,194,49,194,0,8
하룩,43281,258,66,256,66,2,10
하리마을회관,90243,1,17,1,17,0,0
하리마을회관,90244,9,0,6,0,3,0
하리선착장,90240,7,24,7,24,0,1
하야동,41438,301,530,301,530,0,27
하야동,41439,483,645,483,645,0,37
하얀마을,55035,2204,2488,2204,2488,0,156
하얀집민박,43440,21,9,20,9,1,1
하얀집민박,43497,3,14,3,14,0,0
하얏트호텔,35028,1270,8654,1270,8654,0,330
하얏트호텔,35206,2823,3723,2822,3723,1,218
하우고개,43275,35,116,35,116,0,5
하우고개,43577,160,49,152,49,8,6
하우스앞,43174,15,1,15,1,0,0
하우스앞,43231,4,21,4,21,0,0
하우스토리,41569,222,238,222,238,0,15
하우스토리,41570,89,1375,89,1375,0,48
하우스토리,41606,455,570,455,570,0,34
하우스토리,41626,697,464,697,464,0,38
하우스토리만수아파트,39301,1268,974,1265,974,3,74
하일부락입구,43967,3,0,3,0,0,0
하일부락입구,43971,0,7,0,7,0,0
하점공단,43448,7,65,7,65,0,2
하점공단,43755,25,9,18,9,7,1
하점면사무소,43738,362,188,348,188,14,18
하점면사무소,43834,173,377,166,377,7,18
하점순복음교회,90222,159,4,155,4,4,5
하점순복음교회,90223,4,60,4,60,0,2
하점우체국,43817,471,58,458,58,13,17
하점우체국,43838,102,554,101,554,1,21
하점초등학교,43739,2,131,2,131,0,4
하점초등학교,43836,165,6,159,6,6,5
하정초등학교,40044,1776,966,1776,966,0,91
하정초등학교,40046,688,2116,688,2116,0,93
학마을한진아파트정문,41293,2113,2913,2113,2913,0,167
학산사거리,37025,6768,251,6768,251,0,233
학산사거리,37027,219,3618,219,3618,0,127
학산사거리,37562,2162,1456,2162,1456,0,120
학산소극장,37169,19058,3442,19045,3442,13,750
학산소극장,37173,7768,17036,7767,17036,1,826
학생안전체험관,39284,2532,4667,2525,4667,7,239
학익.원흥아파트,37015,1976,56,1976,56,0,67
학익2동행정복지센터,37150,14609,7649,14577,7649,32,741
학익2동행정복지센터,37151,8124,14141,8119,14141,5,742
학익고등학교,37029,11963,3068,11963,3068,0,501
학익고등학교,37505,3666,11677,3666,11677,0,511
학익동구치소,37139,378,1093,378,1093,0,49
학익동성당앞,37630,1492,21,1492,21,0,50
학익동성당앞,37631,74,641,74,641,0,23
학익사거리,37058,13,688,13,688,0,23
학익사거리,37075,3143,1482,3143,1482,0,154
학익사거리,37077,2173,6476,2173,6476,0,288
학익사거리(동아풍림아파트),37084,11164,5080,11148,5080,16,541
학익사거리(동아풍림아파트),37089,9936,10302,9901,10302,35,674
학익시장,37106,14443,5681,14425,5681,18,670
학익시장,37112,3540,11815,3535,11815,5,511
학익시장(법원검찰청),37080,9339,4461,9329,4461,10,460
학익시장앞,37082,4091,5403,4089,5403,2,316
학익여자고등학교,37140,559,1170,559,1170,0,57
학익여자고등학교,37566,726,1054,726,1054,0,59
학익풍림아파트,37487,22,2864,22,2864,0,96
한가라지고개,90157,6,6,5,6,1,0
한가라지고개,90158,8,12,8,12,0,0
한가라지입구,90159,17,10,16,10,1,0
한가라지입구,90160,9,13,9,13,0,0
한가람마을우미린.호수이편한세상,80318,1071,3455,1071,3455,0,150
한강센트럴블루힐.모아엘가2차,80375,276,374,276,374,0,21
한국가스공사,39061,867,996,867,996,0,62
한국가스공사,89273,222,676,222,676,0,29
한국가스공사,89274,97,579,97,579,0,22
한국가스공사인천지역본부,89114,32,78,32,78,0,3
한국가스공사인천지역본부,89115,32,44,32,44,0,2
한국건설생활환경시험연구원,39312,337,219,337,219,0,18
한국건설생활환경시험연구원,39315,806,3443,806,3443,0,141
한국공항공사,25002,100,1154,100,1154,0,41
한국공항공사,25144,34,15,34,15,0,1
한국국토정보공사인천북부지사,42278,5429,6489,5426,6489,3,397
한국국토정보공사인천북부지사,42280,6043,3779,6025,3779,18,327
한국글로벌셰프고등학교,43246,236,67,234,67,2,10
한국글로벌셰프고등학교,43381,47,93,46,93,1,4
한국단자공업연구소,38763,140,386,140,386,0,17
한국단자공업연구소,38764,26,161,26,161,0,6
한국도심공항터미널,35400,4,80,4,80,0,2
한국도심공항터미널,35408,20,148,20,148,0,5
한국도심공항터미널,35417,91,12,91,12,0,3
한국도심공항터미널앞,35645,61,12,61,12,0,2
한국마쓰이,39055,843,1187,843,1187,0,67
한국마쓰이,39057,2850,1457,2850,1457,0,143
한국만화박물관,40583,5381,13927,5381,13927,0,643
한국무역센터.삼성역,23201,3003,11,3003,11,0,100
한국무역센터.삼성역,23251,1923,3213,1923,3213,0,171
한국산업단지공단,39060,747,93,747,93,0,28
한국산업단지공단,39067,60,846,60,846,0,30
한국생산기술연구원,38448,426,548,426,548,0,32
한국생산기술연구원(주조기술센터),42271,419,657,419,657,0,35
한국생산기술연구원(주조기술센터),42719,370,232,370,232,0,20
한국샤프(로얄금속),40600,2647,3705,2646,3705,1,211
한국선교역사기념관,40673,1771,751,1771,751,0,84
한국아파트,37017,3422,9469,3422,9469,0,429
한국아파트,37682,1131,829,1128,829,3,65
한국아파트,38154,3154,1701,3154,1701,0,161
한국아파트,40714,89,1631,89,1631,0,57
한국아파트,40715,1834,81,1834,81,0,63
한국아파트,40790,14960,15756,14954,15756,6,1023
한국아파트,40791,14971,12515,14940,12515,31,916
한국아파트,40792,3842,13875,3817,13875,25,590
한국아파트,40816,10340,9191,10340,9191,0,651
한국아파트,41206,6062,3738,6025,3738,37,326
한국아파트,41208,2030,4034,1983,4034,47,202
한국아파트,80057,2127,56,2127,56,0,72
한국외대송도캠퍼스,38768,0,106,0,106,0,3
한국은행,35898,3887,6725,3884,6725,3,353
한국전력,42947,42,239,42,239,0,9
한국지엠청라주행시험장,89412,1414,1444,1414,1444,0,95
한국지엠청라주행시험장,89413,1104,862,1101,862,3,65
한국지엠출고문,40560,3758,6622,3756,6622,2,346
한국지엠출고문,40570,5367,3625,5363,3625,4,299
한국콘베어공업,92049,2,0,2,0,0,0
한국타이어인천물류센터,89221,663,1573,663,1573,0,74
한국타이어인천물류센터,89222,678,1025,677,1025,1,56
한국특수주물(주),42575,341,149,341,149,0,16
한국폴리텍2대학남인천캠퍼스,37448,985,866,985,866,0,61
한국폴리텍2대학남인천캠퍼스,37450,624,596,624,596,0,40
한남시티플라자,40253,18086,12518,18076,12518,10,1020
한들마을입구(유아교육진흥원),42370,9303,6431,9301,6431,2,524
한들마을입구(유아교육진흥원),42371,4199,4489,4197,4489,2,289
한라비발디,35459,8985,3663,8985,3663,0,421
한라비발디,35460,8921,14895,8920,14895,1,793
한라비발디,89180,2620,1249,2620,1249,0,128
한라비발디,89181,1526,3148,1526,3148,0,155
한라비발디정문,89373,48,1408,48,1408,0,48
한라비발디후문.화성파크드림,35658,664,1013,664,1013,0,55
한라시멘트,35291,177,559,177,559,0,24
한라아파트,39117,1360,3362,1354,3362,6,157
한라아파트,39118,5399,1619,5371,1619,28,233
한림병원,41130,15052,11048,15052,11048,0,870
한림병원,41131,11955,18162,11955,18162,0,1003
한미반도체,42754,571,1278,571,1278,0,61
한미반도체,42755,321,271,321,271,0,19
한빛초교앞,39773,1655,7811,1655,7811,0,315
한빛초교앞,39774,6744,2809,6744,2809,0,318
한사랑어린이집,42461,5,107,5,107,0,3
한성아파트,89020,1783,1671,1779,1671,4,115
한성자동차학원,42091,789,1576,788,1576,1,78
한수조경,43681,3,4,3,4,0,0
한수조경,43882,0,5,0,5,0,0
한스엔지니어링,42276,369,207,369,207,0,19
한스엔지니어링,42279,384,534,384,534,0,30
한신더휴스카이파크,35654,1094,1316,1094,1316,0,80
한신더휴스카이파크,35655,1719,854,1719,854,0,85
한신더휴어반파크,89521,611,1225,611,1225,0,61
한신더휴테라스,35761,121,55,121,55,0,5
한신더휴테라스,35762,57,80,57,80,0,4
한신빌리지(A),42249,607,2632,607,2632,0,107
한신빌리지(B),42246,3836,630,3822,630,14,148
한신빌리지(C),42229,2528,564,2517,564,11,103
한신빌리지아파트,42230,499,1370,488,1370,11,62
한신삼부아파트,40806,2059,2880,2059,2880,0,164
한신아파트,37262,5242,3940,5239,3940,3,306
한신아파트,37264,8065,9635,8048,9635,17,590
한신아파트,37267,13197,9352,13190,9352,7,751
한신아파트,41066,2127,1692,2127,1692,0,127
한신아파트,41067,2076,1798,2072,1798,4,129
한신아파트,42095,47,982,34,982,13,34
한신휴아파트,40245,6447,4099,6447,4099,0,351
한신휴아파트,42105,41289,19161,41202,19161,87,2015
한신휴아파트,42106,3258,1906,3258,1906,0,172
한양2차아파트,37512,12123,4301,12123,4301,0,547
한양2차아파트,38055,6359,4971,6351,4971,8,377
한양공구,39664,99,2,99,2,0,3
한양공구,39753,0,34,0,34,0,1
한양공구,42071,318,8155,318,8155,0,282
한양쇼핑,40331,1455,7959,1453,7959,2,313
한양쇼핑,40333,4294,2074,4289,2074,5,212
한양수자인,35450,3758,354,3758,354,0,137
한양수자인,42868,4792,2179,4792,2179,0,232
한양수자인,42893,2839,4087,2836,4087,3,230
한양수자인(후문),35537,4272,876,4272,876,0,171
한양아파트,37076,1860,6701,1852,6701,8,285
한양아파트,37079,6248,668,6246,668,2,230
한양아파트,40269,437,302,437,302,0,24
한양아파트,40310,15792,4499,15792,4499,0,676
한양아파트,40356,13628,9632,13621,9632,7,775
한양아파트,40905,62,386,62,386,0,14
한양아파트2차,38062,3421,6232,3421,6232,0,321
한양화학,42523,3940,1493,3940,1493,0,181
한일금속,89487,5,1343,5,1343,0,44
한일금속,89488,1224,7,1221,7,3,41
한일베라체,42839,5035,1310,5034,1310,1,211
한일베라체,42865,1470,2926,1466,2926,4,146
한일베라체,42948,3693,1793,3693,1793,0,182
한일아파트,41295,1055,2085,1048,2085,7,104
한일아파트,41296,2015,1248,2008,1248,7,108
한일아파트,80195,61,1422,61,1422,0,49
한일튜브(주),42576,421,245,421,245,0,22
한전사택,44090,29,36,24,36,5,2
한전사택,44197,2,0,2,0,0,0
한전온수출장소,43012,266,545,262,545,4,27
한주글로벌,89306,24,381,24,381,0,13
한진,38540,3,124,3,124,0,4
한진,38541,277,2,277,2,0,9
한진아파트,38016,23695,17062,23688,17062,7,1358
한진아파트,41355,235,544,235,544,0,25
한진아파트후문,41300,2335,447,2335,447,0,92
한풍산업,39014,542,838,542,838,0,46
한화2차,40363,3705,1333,3705,1333,0,167
한화꿈에그린,42860,1129,385,1129,385,0,50
한화꿈에그린,42872,398,1120,398,1120,0,50
한화꿈에그린정문,89372,2832,2431,2832,2431,0,175
한화아파트,40351,12352,6783,12346,6783,6,637
한화아파트,40379,2809,2548,2809,2548,0,178
한화아파트,40380,4590,2287,4590,2287,0,229
한화아파트,41375,3685,2843,3685,2843,0,217
한화지구공원앞,39654,1671,936,1671,936,0,86
한희빌딩,39311,2033,4708,2026,4708,7,224
함박도서관,38286,7528,6441,7528,6441,0,465
함박도서관,38742,452,2104,452,2104,0,85
함박마을,38277,6518,2647,6518,2647,0,305
함박마을문화복지센터,38291,6670,2784,6670,2784,0,315
함박마을문화복지센터,38741,220,2214,220,2214,0,81
함박마을입구,38285,2843,8740,2843,8740,0,386
함허동천,43352,7,51,7,51,0,1
함허동천,43403,90,12,89,12,1,3
합동청사역,35207,20701,5117,20701,5117,0,860
합정역,14220,268,10309,268,10309,0,352
합정역,23029,251,27410,251,27410,0,922
합정역,23030,35905,711,35905,711,0,1220
항동7가버스차고지,35609,1501,122,1311,122,190,54
항동7가버스차고지,35610,189,1080,57,1080,132,42
항동7가버스차고지(삼거리),35704,68,350,12,350,56,13
항동7가버스차고지(삼거리),35705,585,5,547,5,38,19
항운아파트,35065,15709,3849,15658,3849,51,651
항운아파트,35481,1098,8607,1087,8607,11,323
항운아파트,35602,348,2111,347,2111,1,81
항진축산,39056,830,1778,830,1778,0,86
항진축산,39058,1645,1072,1645,1072,0,90
항청리종점,43558,146,109,143,109,3,8
항포,90247,1,1,1,1,0,0
항포,90248,14,4,14,4,0,0
해광병원,40292,53,2497,53,2497,0,85
해넘이마을,90135,8,22,8,22,0,1
해넘이마을,90136,62,40,62,40,0,3
해돋이공원,38008,54,303,54,303,0,11
해돋이공원,38010,376,785,376,785,0,38
해돋이공원,38718,47,63,46,63,1,3
해돋이도서관,38729,216,28,216,28,0,8
해돋이도서관,38730,12,598,12,598,0,20
해뜨는집앞,35531,27,2,27,2,0,0
해뜨는집앞,35726,5,19,5,19,0,0
해망,90352,2,5,2,5,0,0
해망,90353,12,2,12,2,0,0
해맞이공원앞,35616,565,1038,565,1038,0,53
해맞이공원앞,35617,785,373,785,373,0,38
해명초등학교앞,90179,12,12,12,12,0,0
해명초등학교앞,90180,17,105,17,105,0,4
해모로월드뷰,39794,1709,427,1709,427,0,71
해모로월드뷰,39805,414,1310,414,1310,0,57
해물탕거리,40782,3587,1950,3587,1950,0,184
해병2사단.향동,80054,757,657,757,657,0,47
해사고등학교,35503,1638,26,1638,26,0,55
해사고등학교.한국이민사박물관,35126,20,2377,20,2377,0,79
해서초등학교,41166,518,708,518,708,0,40
해서초등학교,41168,547,1199,547,1199,0,58
해성단조,42813,78,2,78,2,0,2
해송노인요양병원,35552,2,86,2,86,0,2
해송노인요양병원,35553,9,3,9,3,0,0
해수워터피아,42082,3321,661,3321,661,0,132
해수워터피아,42083,1037,6587,1037,6587,0,254
해안도로신항만교,39001,281,876,281,876,0,38
해안도로신항만교,39002,639,606,639,606,0,41
해암약수,90161,14,4,14,4,0,0
해암약수,90162,4,22,4,22,0,0
해양경찰청,38014,1938,3541,1937,3541,1,182
해양경찰청,38015,6167,3408,6162,3408,5,319
해양경찰청,38411,10120,7420,10120,7420,0,584
해양기계,39532,17,15,17,15,0,1
해양기계,39696,4,102,4,102,0,3
해오름민박,43413,47,22,46,22,1,2
해오름민박,43442,22,54,22,54,0,2
해원고등학교,42964,45,628,45,628,0,22
해원중학교,42972,1891,117,1891,117,0,66
해원중학교,42973,211,960,211,960,0,39
해원중학교후문,42965,1602,709,1599,709,3,77
해피타운앞,44139,1,3,1,3,0,0
해피타운앞,44198,39,75,36,75,3,3
핸즈코퍼레이션,89262,11,2324,11,2324,0,77
핸즈코퍼레이션,89263,9,24,9,24,0,1
햇내로공원입구,35777,16,0,16,0,0,0
햇내로공원입구,35784,0,34,0,34,0,1
행복마을입구,35687,49,12,49,12,0,2
행복마을입구,35690,20,75,20,75,0,3
행자골,43350,3,15,3,15,0,0
행자골,43583,20,6,20,6,0,0
행정복지센터사거리,40332,1429,2740,1429,2740,0,138
향나무골,43131,25,10,25,10,0,1
향나무골,43648,38,25,38,25,0,2
향동해병2사단,80055,909,1462,906,1462,3,79
향촌휴먼시아2단지,39741,9190,15137,9190,15137,0,810
허브주유소,35446,356,440,356,440,0,26
허브주유소,35447,433,7741,433,7741,0,272
허튼개,90119,11,6,11,6,0,0
허튼개,90120,13,16,13,16,0,0
헤나무,43199,5,41,5,41,0,1
헤나무,43317,32,10,31,10,1,1
혁이네슈퍼,40738,30,746,30,746,0,25
혁이네슈퍼,40739,353,36,353,36,0,12
현광아파트,37007,2447,14,2447,14,0,82
현광아파트,37488,8,2531,8,2531,0,84
현광아파트,39380,18129,17595,18114,17595,15,1190
현광아파트,41071,5904,1772,5904,1772,0,255
현광아파트,41432,2761,6322,2761,6322,0,302
현광아파트,42258,141,264,141,264,0,13
현광아파트,42260,682,254,682,254,0,31
현광아파트(호산부인과),39376,31582,16628,31550,16628,32,1607
현광아파트후문,37560,2480,4,2480,4,0,82
현광아파트후문앞,37559,6,1427,6,1427,0,47
현대.태화아파트,41402,557,3546,557,3546,0,136
현대102동,40146,2091,862,2091,862,0,98
현대121동,40137,5285,756,5285,756,0,201
현대1단지관리사무소,40740,207,2115,207,2115,0,77
현대1차아파트,38061,6788,3689,6788,3689,0,349
현대1차아파트,41365,9383,796,9383,796,0,339
현대1차아파트정문,41367,86,368,86,368,0,15
현대207동,40168,456,8659,456,8659,0,303
현대209동,40167,9044,871,9044,871,0,330
현대2차아파트,38173,1990,2743,1984,2743,6,157
현대2차아파트,41106,695,4399,695,4399,0,169
현대2차아파트,41112,8623,737,8623,737,0,312
현대2차아파트,41366,560,5946,560,5946,0,216
현대2차아파트정문,41364,521,5553,521,5553,0,202
현대310동(서중학교),40097,575,2225,575,2225,0,93
현대3단지,40127,9420,6843,9415,6843,5,542
현대3단지,40129,9211,10956,9211,10956,0,672
현대3차아파트,38168,18801,11304,18753,11304,48,1003
현대3차아파트,38342,18363,15891,18322,15891,41,1141
현대4차아파트,38158,2068,2349,2068,2349,0,147
현대4차아파트,38183,2529,3078,2523,3078,6,186
현대4차아파트,38186,3770,1594,3764,1594,6,178
현대5차,40405,10709,6605,10704,6605,5,577
현대5차,40408,6310,4124,6307,4124,3,347
현대5차아파트,38176,3922,1517,3907,1517,15,181
현대동부시장,36041,12437,5809,12353,5809,84,608
현대모닝.임광그대가아파트,39579,7956,3273,7956,3273,0,374
현대백화점,22003,4199,70,4199,70,0,142
현대슈퍼,43376,378,11,370,11,8,12
현대슈퍼,43617,3,135,3,135,0,4
현대시장,36042,10197,7036,10158,7036,39,574
현대시장,36043,7510,9618,7483,9618,27,570
현대시장,36118,7391,9381,7363,9381,28,559
현대써비스,42021,3738,3040,3738,3040,0,225
현대아파트,35396,341,14,341,14,0,11
현대아파트,37154,2819,7571,2819,7571,0,346
현대아파트,37161,6843,3405,6843,3405,0,341
현대아파트,39267,5433,5416,5425,5416,8,361
현대아파트,39271,5720,3462,5692,3462,28,306
현대아파트,40112,36892,28232,36878,28232,14,2170
현대아파트,40681,1669,7671,1669,7671,0,311
현대아파트,40682,7994,1274,7994,1274,0,308
현대아파트,40737,737,2429,737,2429,0,105
현대아파트,40788,36845,35271,36832,35271,13,2403
현대아파트,43082,101,526,101,526,0,20
현대아파트,43083,430,163,430,163,0,19
현대아파트.통진도서관,80135,214,858,214,858,0,35
현대아파트.통진도서관,80136,1404,165,1404,165,0,52
현대아파트105동,40734,108,911,108,911,0,33
현대아파트105동,40735,559,160,559,160,0,23
현대아파트113동,40105,11131,6556,11130,6556,1,589
현대아파트116동,40732,1497,293,1497,293,0,59
현대아파트119동,40733,72,2710,72,2710,0,92
현대아파트120동앞,40140,287,4469,287,4469,0,158
현대오일뱅크,41459,2108,1286,2108,1286,0,113
현대자동차빌딩앞,40103,6206,14464,6205,14464,1,689
현대자동차서비스,42032,10409,2929,10383,2929,26,444
현대자동차서비스,42033,13066,9809,13037,9809,29,762
현대제철,36086,535,1193,532,1193,3,57
현대제철,36123,2554,690,2554,690,0,108
현대제철정문,36133,581,1182,581,1182,0,58
현대철강레이져,90220,1,42,1,42,0,1
현대철강레이져,90221,19,0,19,0,0,0
현송중학교,38744,6808,2512,6808,2512,0,310
현송중학교,38745,3920,4515,3920,4515,0,281
형제마트,40004,438,1648,438,1648,0,69
형제마트,40006,1356,592,1356,592,0,64
혜덕,90217,13,3,12,3,1,0
혜성프라자,40393,21942,14465,21935,14465,7,1213
혜성프라자,40395,16350,17520,16346,17520,4,1129
호구포역,39784,6456,7208,6456,7208,0,455
호구포역,39785,9745,8465,9745,8465,0,607
호구포역2번출구,92040,1432,573,1432,573,0,66
호명사입구,40093,8,741,6,741,2,24
호박골,43437,34,49,32,49,2,2
호박골,43784,75,22,73,22,2,3
호박골사거리,43123,7,52,6,52,1,1
호박골사거리,43124,52,5,49,5,3,1
호박골사거리,43706,9,275,9,275,0,9
호박골사거리,43804,146,7,142,7,4,5
호반베르디움,42855,549,5127,549,5127,0,189
호반베르디움14단지,42880,1296,4035,1294,4035,2,177
호반베르디움214동앞,42998,160,828,160,828,0,32
호반베르디움2차,89112,1648,1259,1648,1259,0,96
호반베르디움2차,89113,1444,1350,1444,1350,0,93
호반베르디움3차아파트,42743,2747,7592,2747,7592,0,344
호반베르디움3차아파트,42908,1311,5067,1310,5067,1,212
호반베르디움아파트,39922,2809,842,2809,842,0,121
호반베르디움아파트107동,92011,4511,300,4511,300,0,160
호반써밋1차 3101동,89393,573,2622,573,2622,0,106
호반써밋1차 3101동,89394,1429,254,1429,254,0,56
호반써밋1차아파트,89472,970,514,970,514,0,49
호반써밋1차아파트,89473,1858,2230,1858,2230,0,136
호반써밋송도,38637,6175,220,6170,220,5,213
호반써밋송도(109동),38634,1372,2112,1372,2112,0,116
호반써밋스카이센트럴1차아파트,35892,231,686,231,686,0,30
호반써밋스카이센트럴1차아파트,35893,568,355,568,355,0,30
호불사입구,38180,2675,3256,2675,3256,0,197
호불사입구,38182,3080,2499,3080,2499,0,185
호세요양원,43221,16,124,16,124,0,4
호세요양원,43311,12,5,12,5,0,0
호수공원,89103,240,721,240,721,0,32
호수공원,89104,2695,743,2695,743,0,114
호수공원음악분수,89027,2320,1617,2319,1617,1,131
호수공원음악분수,89028,1323,2297,1321,2297,2,120
호수마을5단지후문,35270,54,53,54,53,0,3
호수마을5단지후문,35735,73,112,73,112,0,6
호수마을이편한세상.한가람우미린,80319,1259,575,1257,575,2,61
홈씨씨인천점,42955,7,346,7,346,0,11
홈씨씨인천점,42957,112,8,110,8,2,4
홈씨씨인천점,89188,598,1001,598,1001,0,53
홈플러스,80070,253,2747,253,2747,0,100
홈플러스,89225,865,506,862,506,3,45
홈플러스,35218,500,1426,500,1426,0,64
홈플러스.산림조합,80018,2988,137,2988,137,0,104
홈플러스계산점,41622,30,1488,30,1488,0,50
홍대입구역,23011,332,6573,332,6573,0,230
홍대입구역,23031,43530,683,43530,683,0,1473
홍대입구역,23032,418,18265,418,18265,0,622
홍예문·공영주차장,35794,16,406,16,406,0,14
홍예문·공영주차장,35806,32,389,32,389,0,14
홍의사거리,43798,53,37,53,37,0,3
홍의사거리,43813,14,36,14,36,0,1
홍의삼거리,43441,2,30,2,30,0,1
홍의삼거리,43613,33,39,33,39,0,2
홍익자원,35514,1144,608,1143,608,1,58
홍익자원,35515,36,1011,35,1011,1,34
홍현마을,90002,30,8,29,8,1,1
홍현마을,90003,6,54,6,54,0,2
화개사입구,90034,5,88,5,88,0,3
화개사입구,90035,80,2,79,2,1,2
화개정원,90405,170,184,169,184,1,11
화곡역,16147,49825,55499,49825,55499,0,3510
화도,43077,109,120,108,120,1,7
화도고개,36027,1836,2479,1826,2479,10,143
화도고개,36028,1589,4539,1584,4539,5,204
화도돈대,43676,39,9,39,9,0,1
화도돈대,43863,5,62,5,62,0,2
화도진공원.화도진도서관,36033,11257,3187,11220,3187,37,481
화도진공원.화도진도서관,36035,3627,11238,3616,11238,11,495
화도진중학교,36064,3123,815,3083,815,40,131
화도진중학교,36066,917,2880,891,2880,26,126
화도터미널,43104,1026,1456,991,1456,35,82
화도터미널,43105,1438,695,1427,695,11,71
화력발전소,42628,534,582,534,582,0,37
화문석문화관,43452,0,19,0,19,0,0
화문석문화관,43697,1,0,0,0,1,0
화물터미널,35039,9,507,9,507,0,17
화물터미널,35040,277,11,277,11,0,9
화성보일러,39107,3055,6084,3055,6084,0,304
화성파크드림.스카이시티자이,35651,7249,2069,7244,2069,5,310
화성파크드림후문.한라비발디,35659,645,1019,645,1019,0,55
화수부두,36147,680,1538,664,1538,16,73
화수사거리,36072,2259,758,2235,758,24,100
화수사거리,36104,328,1195,316,1195,12,50
화전초교사거리,41087,941,1299,939,1299,2,74
화전초등학교,41085,1134,476,1134,476,0,53
화전초등학교,41086,634,614,634,614,0,41
화평철교.화평동냉면거리,36014,3416,3538,3407,3538,9,231
화평철교.화평동냉면거리,36016,16485,22047,16429,22047,56,1284
화훼단지,89489,11,6,11,6,0,0
화훼단지·당미교,41462,99,303,99,303,0,13
화훼단지·당미교,41463,101,174,101,174,0,9
환경공단강화사업소,90109,0,3,0,3,0,0
환경공단강화사업소,90110,11,29,11,29,0,1
황곡노인정,89310,34,1,34,1,0,1
황곡노인정,89320,104,150,98,150,6,8
황곡상회,89311,20,1,20,1,0,0
황곡상회,89330,0,46,0,46,0,1
황골,43992,5,48,4,48,1,1
황골,43993,74,8,70,8,4,2
황골마을,43135,19,15,19,15,0,1
황골마을,43277,17,3,17,3,0,0
황련사입구,43328,99,100,97,100,2,6
황련사입구,43630,63,0,63,0,0,2
황산도,43635,25,12,25,12,0,1
황산도관광밸트,43873,2,2,2,2,0,0
황산도관광밸트,43876,2,8,2,8,0,0
황산도입구,43636,32,16,31,16,1,1
황산도입구,43861,12,17,11,17,1,0
황청리종점,90207,3,0,3,0,0,0
효성2동치안센터,41024,2023,9005,2017,9005,6,367
효성고등학교,41074,1306,851,1290,851,16,71
효성고등학교,41075,603,2037,602,2037,1,88
효성남초등학교,41040,5485,2938,5483,2938,2,280
효성노인문화센터,41409,641,1808,641,1808,0,81
효성노인문화센터,41410,489,821,489,821,0,43
효성농협,41039,2821,1605,2815,1605,6,147
효성뉴서울아파트,41060,11722,1757,11709,1757,13,449
효성뉴서울아파트,41061,2367,13290,2355,13290,12,521
효성뉴서울아파트202동,41078,1999,16613,1999,16613,0,620
효성뉴서울아파트204동,41368,13985,1890,13985,1890,0,529
효성대신아파트,41041,5304,2820,5271,2820,33,270
효성대신아파트,41042,474,3821,473,3821,1,143
효성도서관,41420,2630,415,2630,415,0,101
효성동동화운수차고지,41573,10826,5429,10787,5429,39,541
효성명현초등학교,41065,3045,1180,2978,1180,67,140
효성사거리,41017,1078,5333,1072,5333,6,213
효성사거리,41018,11125,4442,11112,4442,13,518
효성사거리,41019,5295,5631,5282,5631,13,364
효성사거리,41631,744,848,744,848,0,53
효성상아아파트,39357,13983,16483,13948,16483,35,1015
효성상아아파트,39358,18453,13082,18430,13082,23,1051
효성서초등학교,41557,3177,522,3177,522,0,123
효성서초등학교,41558,556,2888,556,2888,0,114
효성서초등학교,41579,257,759,257,759,0,33
효성서초등학교,41580,1701,524,1701,524,0,74
효성성모병원,41022,6548,269,6548,269,0,227
효성소방파출소,41023,8407,2909,8391,2909,16,377
효성신사거리,41030,1394,8082,1388,8082,6,315
효성신사거리,41031,7165,1472,7145,1472,20,287
효성아파트,42166,10466,2690,10466,2690,0,438
효성아파트,42168,3011,10053,3011,10053,0,435
효성중앙교회,41021,197,7562,197,7562,0,258
효성프라자,41052,11827,9551,11746,9551,81,712
효성프라자,41055,5453,6193,5408,6193,45,388
효성현대3차,41049,1456,3302,1437,3302,19,158
효성현대3차아파트,41051,837,593,827,593,10,47
효성현대4차,41035,2267,4180,2241,4180,26,214
효성현대4차아파트,41036,4292,1705,4283,1705,9,199
효자교앞,90199,2,3,2,3,0,0
효자교앞,90200,11,10,11,10,0,0
효정아파트,38260,1478,1892,1478,1892,0,112
후정초등학교.삼산도서관,40685,106,1292,106,1292,0,46
후지테크,39051,2122,1351,2122,1351,0,115
후지테크,39052,527,2121,527,2121,0,88
후포항입구,43431,9,90,9,90,0,3
후포항입구,43481,59,19,47,19,12,2
휴먼시아1단지,40837,2999,6145,2999,6145,0,304
휴먼시아1단지,40838,5851,1790,5851,1790,0,254
휴먼시아1단지,40840,1057,2,1057,2,0,35
휴먼시아1단지,40852,128,1924,128,1924,0,68
휴먼시아후문,42885,8969,3562,8969,3562,0,417
흥성리,18804,5,262,5,262,0,8
흥성리,62029,281,4,281,4,0,9
흥왕2리마을회관 앞,43122,41,19,41,19,0,2
흥왕2리마을회관 앞,43520,30,25,30,25,0,1
흥왕리,90073,1,5,1,5,0,0
흥왕리,90074,8,7,6,7,2,0
흥왕상회,43502,44,23,44,23,0,2
흥왕상회,43516,34,3,30,3,4,1
희경산업·남동스카이장례식장,39031,226,171,226,171,0,13
희경산업·남동스카이장례식장,39961,42,221,42,221,0,8
희망찬요양병원,38126,4655,7197,4655,7197,0,395
희망천입구,40091,5307,4474,5307,4474,0,326
희망천입구,40799,5291,5215,5291,5215,0,350
희망체육공원입구,40912,6299,6070,5614,6070,685,412
희성금속,42018,56,471,56,471,0,17
힐데스하임,42876,7916,2082,7916,2082,0,333
힐스테이트,35457,16445,10546,16437,10546,8,899
힐스테이트,35458,6316,4898,6316,4898,0,373
힐스테이트레이크송도(후문),38630,2276,1425,2276,1425,0,123
힐스테이트레이크송도(후문),38656,1515,1480,1515,1480,0,99
힐스테이트레이크송도1차입구,38655,1122,930,1122,930,0,68
힐스테이트레이크송도1차입구,38751,380,1023,380,1023,0,46
힐스테이트레이크송도2차(201동),38641,2263,2131,2263,2131,0,146
힐스테이트레이크송도2차(201동),38657,1677,1238,1677,1238,0,97
힐스테이트송도더테라스(정문),38715,1587,446,1587,446,0,67
힐스테이트송도더테라스(정문),38716,280,1102,280,1102,0,46
힐스테이트송도더테라스(후문),38713,2809,2516,2808,2516,1,177
힐스테이트송도더테라스(후문),38714,1074,2321,1074,2321,0,113
힐스테이트푸르지오주안,37293,35170,41811,35141,41811,29,2566
힐스테이트푸르지오주안아파트,37680,11939,12408,11924,12408,15,811
힐스테이트학익,37022,6259,5238,6243,5238,16,383
힐스테이트학익,37023,5554,8049,5536,8049,18,453
힐스테이트학익104동앞,37669,1444,2127,1444,2127,0,119
힐스테이트학익104동앞,37670,3093,4784,3093,4784,0,262
힐캐슬프라자,39329,12037,18252,12025,18252,12,1009
힐캐슬프라자,39331,19814,10467,19808,10467,6,1009
힘찬병원,40891,5516,7168,5506,7168,10,422
힘찬병원,40892,4193,2972,4180,2972,13,238
